CoC Number,CoC Name,CoC Category,"Total Homeless, 2019","Sheltered Homeless, 2019","Unsheltered Homeless, 2019","Homeless Individuals, 2019","Sheltered Homeless Individuals, 2019","Unsheltered Homeless Individuals, 2019","Homeless People in Families, 2019","Sheltered Homeless People in Families, 2019","Unsheltered Homeless People in Families, 2019","Chronically Homeless, 2019","Sheltered Chronically Homeless, 2019","Unsheltered Chronically Homeless, 2019","Chronically Homeless Individuals, 2019","Sheltered Chronically Homeless Individuals, 2019","Unsheltered Chronically Homeless Individuals, 2019","Chronically Homeless People in Families, 2019","Sheltered Chronically Homeless People in Families, 2019","Unsheltered Chronically Homeless People in Families, 2019","Homeless Veterans, 2019","Sheltered Homeless Veterans, 2019","Unsheltered Homeless Veterans, 2019","Homeless Unaccompanied Youth (Under 25), 2019","Sheltered Homeless Unaccompanied Youth (Under 25), 2019","Unsheltered Homeless Unaccompanied Youth (Under 25), 2019","Homeless Unaccompanied Youth (Under 18), 2019","Sheltered Homeless Unaccompanied Youth (Under 18), 2019","Unsheltered Homeless Unaccompanied Youth (Under 18), 2019","Homeless Unaccompanied Youth (Age 18-24), 2019","Sheltered Homeless Unaccompanied Youth (Age 18-24), 2019","Unsheltered Homeless Unaccompanied Youth (Age 18-24), 2019","Parenting Youth (Under 25), 2019","Sheltered Parenting Youth (Under 25), 2019","Unsheltered Parenting Youth (Under 25), 2019","Parenting Youth Under 18, 2019","Homeless Parenting Youth Under 18, 2019","Unsheltered Homeless Parenting Youth Under 18, 2019","Parenting Youth Age 18-24, 2019","Sheltered Parenting Youth Age 18-24, 2019","Unsheltered Parenting Youth Age 18-24, 2019","Children of Parenting Youth, 2019","Sheltered Children of Parenting Youth, 2019","Unsheltered Children of Parenting Youth, 2019"
AK-500,Anchorage CoC,Other Largely Urban CoC,"1,111","1,014",97,799,702,97,312,312,0,91,73,18,79,61,18,12,12,0,47,37,10,106,105,1,3,3,0,103,102,1,17,17,0,0,0,0,17,17,0,24,24,0
AK-501,Alaska Balance of State CoC,Largely Rural CoC,796,620,176,585,416,169,211,204,7,178,97,81,152,73,79,26,24,2,64,48,16,70,50,20,11,11,0,59,39,20,3,3,0,0,0,0,3,3,0,3,3,0
AL-500,"Birmingham/Jefferson, St. Clair, Shelby Counties CoC",Largely Suburban CoC,981,655,326,805,495,310,176,160,16,101,83,18,97,79,18,4,4,0,91,75,16,67,26,41,4,3,1,63,23,40,7,7,0,0,0,0,7,7,0,7,7,0
AL-501,Mobile City & County/Baldwin County CoC,Other Largely Urban CoC,505,303,202,329,150,179,176,153,23,43,10,33,38,10,28,5,0,5,53,43,10,9,2,7,0,0,0,9,2,7,4,4,0,0,0,0,4,4,0,6,6,0
AL-502,Florence/Northwest Alabama CoC,Largely Rural CoC,390,189,201,383,182,201,7,7,0,21,19,2,21,19,2,0,0,0,20,15,5,156,8,148,148,0,148,8,8,0,0,0,0,0,0,0,0,0,0,0,0,0
AL-503,Huntsville/North Alabama CoC,Other Largely Urban CoC,464,377,87,340,253,87,124,124,0,96,66,30,94,64,30,2,2,0,40,28,12,25,24,1,4,4,0,21,20,1,2,2,0,0,0,0,2,2,0,2,2,0
AL-504,Montgomery City & County CoC,Other Largely Urban CoC,330,273,57,228,171,57,102,102,0,62,43,19,59,40,19,3,3,0,55,44,11,13,9,4,2,2,0,11,7,4,6,6,0,0,0,0,6,6,0,10,10,0
AL-505,Gadsden/Northeast Alabama CoC,Largely Rural CoC,224,75,149,189,62,127,35,13,22,30,1,29,25,1,24,5,0,5,18,7,11,8,2,6,0,0,0,8,2,6,1,1,0,0,0,0,1,1,0,4,4,0
AL-506,Tuscaloosa City & County CoC,Other Largely Urban CoC,44,44,0,27,27,0,17,17,0,0,0,0,0,0,0,0,0,0,9,9,0,0,0,0,0,0,0,0,0,0,0,0,0,0,0,0,0,0,0,0,0,0
AL-507,Alabama Balance of State CoC,Largely Rural CoC,323,154,169,218,89,129,105,65,40,16,8,8,16,8,8,0,0,0,6,2,4,42,31,11,8,6,2,34,25,9,2,1,1,0,0,0,2,1,1,5,1,4
AR-500,Little Rock/Central Arkansas CoC,Other Largely Urban CoC,"1,066",493,573,906,355,551,160,138,22,296,76,220,289,69,220,7,7,0,135,79,56,56,31,25,0,0,0,56,31,25,5,5,0,0,0,0,5,5,0,6,6,0
AR-501,Fayetteville/Northwest Arkansas CoC,Other Largely Urban CoC,518,281,237,439,223,216,79,58,21,120,53,67,120,53,67,0,0,0,44,34,10,118,84,34,35,34,1,83,50,33,2,2,0,0,0,0,2,2,0,1,1,0
AR-503,Arkansas  Balance of State  CoC,Largely Rural CoC,811,266,545,736,232,504,75,34,41,177,56,121,169,48,121,8,8,0,31,17,14,146,15,131,0,0,0,146,15,131,0,0,0,0,0,0,0,0,0,0,0,0
AR-505,Southeast Arkansas CoC,Largely Rural CoC,75,75,0,35,35,0,40,40,0,0,0,0,0,0,0,0,0,0,1,1,0,3,3,0,0,0,0,3,3,0,4,4,0,0,0,0,4,4,0,8,8,0
AR-508,Fort Smith CoC,Largely Rural CoC,247,187,60,187,127,60,60,60,0,98,53,45,98,53,45,0,0,0,27,22,5,13,10,3,0,0,0,13,10,3,0,0,0,0,0,0,0,0,0,0,0,0
AZ-500,Arizona Balance of State CoC,Largely Rural CoC,"2,021","1,038",983,"1,575",682,893,446,356,90,558,91,467,515,91,424,43,0,43,231,108,123,96,52,44,9,9,0,87,43,44,8,7,1,0,0,0,8,7,1,12,11,1
AZ-501,Tucson/Pima County CoC,Major City CoC,"1,372","1,011",361,"1,015",654,361,357,357,0,356,169,187,345,158,187,11,11,0,204,156,48,79,61,18,6,6,0,73,55,18,26,26,0,0,0,0,26,26,0,33,33,0
AZ-502,"Phoenix, Mesa/Maricopa County CoC",Major City CoC,"6,614","3,426","3,188","4,948","1,763","3,185","1,666","1,663",3,962,406,556,906,350,556,56,56,0,475,334,141,412,194,218,25,24,1,387,170,217,24,24,0,0,0,0,24,24,0,35,35,0
CA-500,San Jose/Santa Clara City & County CoC,Major City CoC,"9,706","1,784","7,922","8,785","1,106","7,679",921,678,243,"2,471",376,"2,095","2,353",318,"2,035",118,58,60,653,208,445,"1,868",94,"1,774",268,2,266,"1,600",92,"1,508",58,33,25,2,2,0,56,31,25,76,52,24
CA-501,San Francisco CoC,Major City CoC,"8,035","2,855","5,180","7,404","2,250","5,154",631,605,26,"3,030","1,122","1,908","2,855",951,"1,904",175,171,4,608,117,491,"1,145",201,944,54,13,41,"1,091",188,903,44,31,13,0,0,0,44,31,13,54,41,13
CA-502,"Oakland, Berkeley/Alameda County CoC",Major City CoC,"8,022","1,710","6,312","7,498","1,213","6,285",524,497,27,"2,236",617,"1,619","2,103",487,"1,616",133,130,3,692,147,545,731,143,588,29,20,9,702,123,579,20,19,1,0,0,0,20,19,1,25,24,1
CA-503,Sacramento City & County CoC,Major City CoC,"5,561","1,661","3,900","4,429","1,096","3,333","1,132",565,567,"1,641",419,"1,222","1,412",380,"1,032",229,39,190,667,179,488,371,152,219,28,14,14,343,138,205,59,26,33,0,0,0,59,26,33,102,37,65
CA-504,"Santa Rosa, Petaluma/Sonoma County CoC",Largely Suburban CoC,"2,951",994,"1,957","2,672",741,"1,931",279,253,26,675,138,537,653,123,530,22,15,7,210,68,142,657,41,616,117,4,113,540,37,503,9,2,7,0,0,0,9,2,7,7,3,4
CA-505,Richmond/Contra Costa County CoC,Largely Suburban CoC,"2,295",668,"1,627","1,976",477,"1,499",319,191,128,504,146,358,454,127,327,50,19,31,114,39,75,116,43,73,0,0,0,116,43,73,9,5,4,0,0,0,9,5,4,15,6,9
CA-506,"Salinas/Monterey, San Benito Counties CoC",Largely Rural CoC,"2,704",706,"1,998","2,037",342,"1,695",667,364,303,641,102,539,614,81,533,27,21,6,187,70,117,325,38,287,10,0,10,315,38,277,8,7,1,0,0,0,8,7,1,12,10,2
CA-507,Marin County CoC,Largely Suburban CoC,"1,034",326,708,887,196,691,147,130,17,257,86,171,250,84,166,7,2,5,99,19,80,107,6,101,8,0,8,99,6,93,3,3,0,0,0,0,3,3,0,2,2,0
CA-508,Watsonville/Santa Cruz City & County CoC,Largely Suburban CoC,"2,167",467,"1,700","1,748",271,"1,477",419,196,223,403,123,280,354,91,263,49,32,17,151,23,128,608,18,590,39,13,26,569,5,564,17,9,8,4,4,0,13,5,8,25,15,10
CA-509,Mendocino County CoC,Largely Rural CoC,785,247,538,681,152,529,104,95,9,123,48,75,118,46,72,5,2,3,16,7,9,45,25,20,0,0,0,45,25,20,3,3,0,0,0,0,3,3,0,3,3,0
CA-510,"Turlock, Modesto/Stanislaus County CoC",Largely Suburban CoC,"1,923",835,"1,088","1,514",499,"1,015",409,336,73,285,94,191,260,78,182,25,16,9,133,54,79,89,34,55,6,2,4,83,32,51,15,15,0,0,0,0,15,15,0,17,17,0
CA-511,Stockton/San Joaquin County CoC,Other Largely Urban CoC,"2,631","1,073","1,558","2,102",554,"1,548",529,519,10,742,145,597,704,107,597,38,38,0,153,82,71,113,25,88,4,4,0,109,21,88,16,16,0,0,0,0,16,16,0,18,18,0
CA-512,Daly/San Mateo County CoC,Largely Suburban CoC,"1,512",611,901,"1,111",272,839,401,339,62,321,69,252,318,66,252,3,3,0,69,35,34,35,17,18,1,0,1,34,17,17,12,12,0,0,0,0,12,12,0,12,12,0
CA-513,"Visalia/Kings, Tulare Counties CoC",Other Largely Urban CoC,"1,064",289,775,929,188,741,135,101,34,315,14,301,304,10,294,11,4,7,70,10,60,65,29,36,0,0,0,65,29,36,3,3,0,0,0,0,3,3,0,3,3,0
CA-514,Fresno City & County/Madera County CoC,Major City CoC,"2,508",439,"2,069","2,267",214,"2,053",241,225,16,698,23,675,692,23,669,6,0,6,235,69,166,112,28,84,6,6,0,106,22,84,7,7,0,0,0,0,7,7,0,15,15,0
CA-515,"Roseville, Rocklin/Placer County CoC",Largely Suburban CoC,617,321,296,493,202,291,124,119,5,238,109,129,216,89,127,22,20,2,46,16,30,25,13,12,0,0,0,25,13,12,6,6,0,0,0,0,6,6,0,10,10,0
CA-516,"Redding/Shasta, Siskiyou, Lassen, Plumas, Del Norte, Modoc, Sierra Counties CoC",Largely Rural CoC,"1,349",543,806,"1,144",363,781,205,180,25,318,59,259,304,48,256,14,11,3,90,32,58,89,30,59,4,3,1,85,27,58,8,8,0,0,0,0,8,8,0,7,7,0
CA-517,Napa City & County CoC,Other Largely Urban CoC,322,172,150,270,125,145,52,47,5,149,71,78,144,71,73,5,0,5,14,8,6,23,8,15,0,0,0,23,8,15,0,0,0,0,0,0,0,0,0,0,0,0
CA-518,Vallejo/Solano County CoC,Other Largely Urban CoC,"1,151",219,932,"1,072",148,924,79,71,8,179,38,141,169,30,139,10,8,2,147,29,118,209,34,175,5,0,5,204,34,170,6,5,1,0,0,0,6,5,1,6,5,1
CA-519,"Chico, Paradise/Butte County CoC",Largely Rural CoC,"1,266",428,838,"1,067",247,820,199,181,18,256,73,183,227,44,183,29,29,0,88,23,65,81,18,63,12,4,8,69,14,55,5,3,2,1,1,0,4,2,2,4,3,1
CA-520,Merced City & County CoC,Largely Suburban CoC,608,320,288,419,144,275,189,176,13,195,66,129,174,45,129,21,21,0,18,2,16,21,5,16,3,0,3,18,5,13,0,0,0,0,0,0,0,0,0,0,0,0
CA-521,"Davis, Woodland/Yolo County CoC",Largely Suburban CoC,655,258,397,521,124,397,134,134,0,175,40,135,163,28,135,12,12,0,35,5,30,33,17,16,0,0,0,33,17,16,11,11,0,0,0,0,11,11,0,14,14,0
CA-522,Humboldt County CoC,Largely Rural CoC,"1,702",300,"1,402","1,578",190,"1,388",124,110,14,474,78,396,454,65,389,20,13,7,66,47,19,88,19,69,12,9,3,76,10,66,5,5,0,0,0,0,5,5,0,9,9,0
CA-523,"Colusa, Glenn, Trinity Counties CoC",Largely Rural CoC,192,42,150,136,3,133,56,39,17,46,4,42,42,0,42,4,4,0,17,0,17,6,1,5,0,0,0,6,1,5,0,0,0,0,0,0,0,0,0,0,0,0
CA-524,Yuba City & County/Sutter County CoC,Largely Suburban CoC,721,202,519,545,105,440,176,97,79,237,40,197,206,22,184,31,18,13,37,4,33,18,7,11,0,0,0,18,7,11,5,4,1,0,0,0,5,4,1,9,7,2
CA-525,El Dorado County CoC,Largely Suburban CoC,613,133,480,536,114,422,77,19,58,111,6,105,111,6,105,0,0,0,46,7,39,114,9,105,28,9,19,86,0,86,3,3,0,0,0,0,3,3,0,4,4,0
CA-526,"Amador, Calaveras, Mariposa, Tuolumne Counties CoC",Largely Rural CoC,845,158,687,663,56,607,182,102,80,264,21,243,227,9,218,37,12,25,65,16,49,53,2,51,1,0,1,52,2,50,4,0,4,0,0,0,4,0,4,4,0,4
CA-527,Tehama County CoC,Largely Rural CoC,288,73,215,231,43,188,57,30,27,130,20,110,123,20,103,7,0,7,15,6,9,17,0,17,0,0,0,17,0,17,2,1,1,0,0,0,2,1,1,3,1,2
CA-529,Lake County CoC,Largely Rural CoC,408,26,382,345,10,335,63,16,47,256,6,250,221,3,218,35,3,32,18,3,15,4,0,4,0,0,0,4,0,4,4,4,0,0,0,0,4,4,0,5,5,0
CA-530,"Alpine, Inyo, Mono Counties CoC",Largely Rural CoC,214,17,197,198,9,189,16,8,8,85,0,85,79,0,79,6,0,6,12,0,12,30,3,27,0,0,0,30,3,27,0,0,0,0,0,0,0,0,0,0,0,0
CA-531,Nevada County CoC,Largely Rural CoC,415,164,251,342,119,223,73,45,28,121,33,88,111,26,85,10,7,3,35,14,21,28,11,17,4,4,0,24,7,17,3,3,0,0,0,0,3,3,0,4,4,0
CA-600,Los Angeles City & County CoC,Major City CoC,"56,257","13,786","42,471","47,810","6,966","40,844","8,447","6,820","1,627","15,538","1,781","13,757","14,906","1,328","13,578",632,453,179,"3,538",763,"2,775","2,884",952,"1,932",66,21,45,"2,818",931,"1,887",505,365,140,0,0,0,505,365,140,537,417,120
CA-601,San Diego City and County CoC,Major City CoC,"8,102","3,626","4,476","6,683","2,425","4,258","1,419","1,201",218,"1,712",747,965,"1,583",666,917,129,81,48,"1,068",644,424,614,209,405,199,54,145,415,155,260,61,59,2,0,0,0,61,59,2,64,60,4
CA-602,"Santa Ana, Anaheim/Orange County CoC",Largely Suburban CoC,"6,860","2,899","3,961","5,310","1,745","3,565","1,550","1,154",396,"2,562",605,"1,957","2,471",557,"1,914",91,48,43,311,99,212,235,83,152,14,11,3,221,72,149,28,26,2,0,0,0,28,26,2,35,32,3
CA-603,Santa Maria/Santa Barbara County CoC,Largely Suburban CoC,"1,803",670,"1,133","1,435",344,"1,091",368,326,42,423,132,291,401,110,291,22,22,0,114,24,90,86,18,68,11,5,6,75,13,62,8,8,0,0,0,0,8,8,0,12,12,0
CA-604,Bakersfield/Kern County CoC,Other Largely Urban CoC,"1,330",525,805,"1,118",348,770,212,177,35,73,17,56,64,12,52,9,5,4,121,53,68,91,29,62,1,0,1,90,29,61,9,9,0,0,0,0,9,9,0,15,15,0
CA-606,Long Beach CoC,Major City CoC,"1,894",619,"1,275","1,700",471,"1,229",194,148,46,645,80,565,624,74,550,21,6,15,304,213,91,44,12,32,0,0,0,44,12,32,2,2,0,0,0,0,2,2,0,2,2,0
CA-607,Pasadena CoC,Other Largely Urban CoC,542,221,321,465,144,321,77,77,0,269,103,166,264,98,166,5,5,0,32,6,26,26,8,18,0,0,0,26,8,18,5,5,0,0,0,0,5,5,0,4,4,0
CA-608,Riverside City & County CoC,Largely Suburban CoC,"2,811",766,"2,045","2,522",490,"2,032",289,276,13,804,77,727,786,59,727,18,18,0,163,56,107,285,87,198,27,20,7,258,67,191,12,10,2,0,0,0,12,10,2,13,11,2
CA-609,San Bernardino City & County CoC,Largely Suburban CoC,"2,607",687,"1,920","2,119",286,"1,833",488,401,87,767,64,703,723,44,679,44,20,24,207,32,175,169,29,140,10,5,5,159,24,135,17,15,2,0,0,0,17,15,2,21,19,2
CA-611,"Oxnard, San Buenaventura/Ventura County CoC",Other Largely Urban CoC,"1,669",411,"1,258","1,472",232,"1,240",197,179,18,324,19,305,318,13,305,6,6,0,106,26,80,84,15,69,1,0,1,83,15,68,4,4,0,0,0,0,4,4,0,3,3,0
CA-612,Glendale CoC,Other Largely Urban CoC,243,96,147,162,30,132,81,66,15,76,27,49,60,17,43,16,10,6,5,0,5,6,0,6,0,0,0,6,0,6,3,3,0,0,0,0,3,3,0,3,3,0
CA-613,Imperial County CoC,Largely Suburban CoC,"1,413",188,"1,225","1,120",96,"1,024",293,92,201,490,0,490,399,0,399,91,0,91,61,1,60,69,9,60,0,0,0,69,9,60,22,3,19,0,0,0,22,3,19,17,6,11
CA-614,San Luis Obispo County CoC,Largely Suburban CoC,"1,483",311,"1,172","1,261",173,"1,088",222,138,84,298,49,249,261,27,234,37,22,15,144,5,139,174,6,168,23,0,23,151,6,145,5,2,3,0,0,0,5,2,3,3,1,2
CO-500,Colorado Balance of State CoC,Largely Rural CoC,"2,302","1,504",798,"1,783","1,085",698,519,419,100,693,281,412,665,266,399,28,15,13,240,131,109,154,69,85,10,4,6,144,65,79,12,10,2,0,0,0,12,10,2,20,13,7
CO-503,Metropolitan Denver CoC,Major City CoC,"5,755","4,809",946,"4,353","3,425",928,"1,402","1,384",18,"1,158",826,332,"1,124",799,325,34,27,7,627,535,92,283,215,68,21,18,3,262,197,65,45,45,0,0,0,0,45,45,0,53,53,0
CO-504,Colorado Springs/El Paso County CoC,Major City CoC,"1,562","1,118",444,"1,127",718,409,435,400,35,336,162,174,317,146,171,19,16,3,201,126,75,108,74,34,5,4,1,103,70,33,23,23,0,0,0,0,23,23,0,38,38,0
CT-503,"Bridgeport, Stamford, Norwalk, Danbury/Fairfield County CoC",Other Largely Urban CoC,771,673,98,474,378,96,297,295,2,56,32,24,56,32,24,0,0,0,50,49,1,64,28,36,5,2,3,59,26,33,14,13,1,0,0,0,14,13,1,18,17,1
CT-505,Connecticut Balance of State CoC,Largely Suburban CoC,"2,262","1,904",358,"1,626","1,270",356,636,634,2,158,109,49,146,97,49,12,12,0,145,133,12,132,96,36,4,0,4,128,96,32,45,43,2,1,0,1,44,43,1,63,61,2
DC-500,District of Columbia CoC,Major City CoC,"6,521","5,913",608,"3,875","3,267",608,"2,646","2,646",0,"1,688","1,377",311,"1,374","1,063",311,314,314,0,297,262,35,271,264,7,13,12,1,258,252,6,214,214,0,0,0,0,214,214,0,272,272,0
DE-500,Delaware Statewide CoC,Largely Suburban CoC,921,826,95,565,489,76,356,337,19,168,131,37,119,86,33,49,45,4,65,61,4,42,39,3,0,0,0,42,39,3,17,16,1,1,1,0,16,15,1,21,20,1
FL-500,"Sarasota, Bradenton/Manatee, Sarasota Counties CoC",Largely Suburban CoC,"1,135",735,400,975,584,391,160,151,9,246,84,162,241,84,157,5,0,5,111,71,40,83,61,22,7,7,0,76,54,22,7,7,0,0,0,0,7,7,0,10,10,0
FL-501,Tampa/Hillsborough County CoC,Major City CoC,"1,650",978,672,"1,194",522,672,456,456,0,264,55,209,260,51,209,4,4,0,149,100,49,58,34,24,2,0,2,56,34,22,13,13,0,0,0,0,13,13,0,26,26,0
FL-502,"St. Petersburg, Clearwater, Largo/Pinellas County CoC",Largely Suburban CoC,"2,415","1,581",834,"2,034","1,209",825,381,372,9,722,220,502,718,220,498,4,0,4,316,248,68,94,74,20,31,31,0,63,43,20,22,22,0,0,0,0,22,22,0,36,36,0
FL-503,"Lakeland, Winterhaven/Polk County CoC",Largely Suburban CoC,563,449,114,374,260,114,189,189,0,80,34,46,77,31,46,3,3,0,38,25,13,20,18,2,6,6,0,14,12,2,6,6,0,0,0,0,6,6,0,8,8,0
FL-504,"Deltona, Daytona Beach/Volusia, Flagler Counties CoC",Largely Suburban CoC,875,368,507,574,103,471,301,265,36,89,18,71,78,10,68,11,8,3,61,33,28,15,10,5,0,0,0,15,10,5,5,5,0,0,0,0,5,5,0,13,13,0
FL-505,"Fort Walton Beach/Okaloosa, Walton Counties CoC",Largely Suburban CoC,399,165,234,319,114,205,80,51,29,269,101,168,215,53,162,54,48,6,21,5,16,8,1,7,0,0,0,8,1,7,1,1,0,0,0,0,1,1,0,3,3,0
FL-506,Tallahassee/Leon County CoC,Other Largely Urban CoC,966,875,91,751,669,82,215,206,9,152,101,51,147,96,51,5,5,0,90,85,5,58,47,11,7,7,0,51,40,11,10,10,0,0,0,0,10,10,0,14,14,0
FL-507,"Orlando/Orange, Osceola, Seminole Counties CoC",Largely Suburban CoC,"2,010","1,674",336,"1,265",932,333,745,742,3,478,315,163,353,190,163,125,125,0,177,140,37,85,67,18,0,0,0,85,67,18,13,13,0,0,0,0,13,13,0,27,27,0
FL-508,"Gainesville/Alachua, Putnam Counties CoC",Largely Rural CoC,804,306,498,675,198,477,129,108,21,261,24,237,247,18,229,14,6,8,126,70,56,44,16,28,13,13,0,31,3,28,0,0,0,0,0,0,0,0,0,0,0,0
FL-509,"Fort Pierce/St. Lucie, Indian River, Martin Counties CoC",Largely Suburban CoC,"1,499",154,"1,345",754,52,702,745,102,643,51,0,51,51,0,51,0,0,0,50,0,50,45,15,30,5,5,0,40,10,30,18,5,13,0,0,0,18,5,13,28,7,21
FL-510,"Jacksonville-Duval, Clay Counties CoC",Major City CoC,"1,654","1,146",508,"1,365",857,508,289,289,0,301,170,131,285,154,131,16,16,0,118,88,30,135,82,53,34,34,0,101,48,53,8,8,0,0,0,0,8,8,0,9,9,0
FL-511,"Pensacola/Escambia, Santa Rosa Counties CoC",Largely Suburban CoC,518,341,177,473,304,169,45,37,8,52,7,45,47,7,40,5,0,5,64,40,24,35,29,6,3,2,1,32,27,5,1,1,0,0,0,0,1,1,0,1,1,0
FL-512,St. Johns County CoC,Largely Suburban CoC,356,156,200,236,52,184,120,104,16,14,5,9,14,5,9,0,0,0,25,5,20,8,5,3,0,0,0,8,5,3,1,1,0,0,0,0,1,1,0,2,2,0
FL-513,"Palm Bay, Melbourne/Brevard County CoC",Largely Suburban CoC,815,418,397,604,230,374,211,188,23,206,22,184,195,14,181,11,8,3,182,130,52,47,38,9,17,17,0,30,21,9,2,2,0,0,0,0,2,2,0,2,2,0
FL-514,Ocala/Marion County CoC,Largely Suburban CoC,475,296,179,365,188,177,110,108,2,150,47,103,144,41,103,6,6,0,81,75,6,27,24,3,13,13,0,14,11,3,6,6,0,0,0,0,6,6,0,6,6,0
FL-515,"Panama City/Bay, Jackson Counties CoC",Largely Rural CoC,488,133,355,454,116,338,34,17,17,34,1,33,34,1,33,0,0,0,54,15,39,38,17,21,3,0,3,35,17,18,1,1,0,0,0,0,1,1,0,1,1,0
FL-517,"Hendry, Hardee, Highlands Counties CoC",Largely Rural CoC,398,48,350,242,0,242,156,48,108,235,2,233,179,0,179,56,2,54,1,0,1,61,0,61,33,0,33,28,0,28,4,0,4,0,0,0,4,0,4,4,0,4
FL-518,"Columbia, Hamilton, Lafayette, Suwannee Counties CoC",Largely Rural CoC,538,113,425,454,58,396,84,55,29,41,0,41,41,0,41,0,0,0,29,20,9,53,11,42,7,7,0,46,4,42,6,3,3,0,0,0,6,3,3,8,3,5
FL-519,Pasco County CoC,Largely Suburban CoC,894,206,688,685,74,611,209,132,77,265,63,202,186,15,171,79,48,31,92,40,52,80,20,60,22,20,2,58,0,58,0,0,0,0,0,0,0,0,0,0,0,0
FL-520,"Citrus, Hernando, Lake, Sumter Counties CoC",Largely Suburban CoC,677,346,331,499,184,315,178,162,16,68,2,66,68,2,66,0,0,0,57,34,23,41,22,19,2,1,1,39,21,18,16,16,0,0,0,0,16,16,0,25,25,0
FL-600,Miami-Dade County CoC,Major City CoC,"3,472","2,464","1,008","2,312","1,304","1,008","1,160","1,160",0,378,252,126,321,195,126,57,57,0,169,145,24,134,108,26,1,1,0,133,107,26,87,87,0,0,0,0,87,87,0,152,152,0
FL-601,Ft Lauderdale/Broward County CoC,Largely Suburban CoC,"2,803","1,453","1,350","2,341","1,019","1,322",462,434,28,914,236,678,856,201,655,58,35,23,219,93,126,108,79,29,7,6,1,101,73,28,16,16,0,0,0,0,16,16,0,22,22,0
FL-602,Punta Gorda/Charlotte County CoC,Largely Suburban CoC,156,89,67,131,64,67,25,25,0,48,16,32,48,16,32,0,0,0,43,35,8,4,3,1,0,0,0,4,3,1,0,0,0,0,0,0,0,0,0,0,0,0
FL-603,"Ft Myers, Cape Coral/Lee County CoC",Largely Suburban CoC,372,210,162,257,129,128,115,81,34,99,20,79,86,18,68,13,2,11,25,11,14,22,15,7,11,11,0,11,4,7,1,1,0,0,0,0,1,1,0,2,2,0
FL-604,Monroe County CoC,Largely Rural CoC,501,292,209,469,267,202,32,25,7,36,7,29,36,7,29,0,0,0,50,29,21,35,26,9,20,19,1,15,7,8,0,0,0,0,0,0,0,0,0,0,0,0
FL-605,West Palm Beach/Palm Beach County CoC,Largely Suburban CoC,"1,397",457,940,"1,133",210,923,264,247,17,215,17,198,215,17,198,0,0,0,119,37,82,92,66,26,6,6,0,86,60,26,9,7,2,0,0,0,9,7,2,20,17,3
FL-606,Naples/Collier County CoC,Largely Suburban CoC,498,399,99,330,254,76,168,145,23,61,22,39,39,10,29,22,12,10,5,2,3,20,17,3,6,6,0,14,11,3,0,0,0,0,0,0,0,0,0,0,0,0
GA-500,Atlanta CoC,Major City CoC,"3,217","2,498",719,"2,718","2,001",717,499,497,2,376,183,193,364,171,193,12,12,0,349,272,77,170,151,19,0,0,0,170,151,19,8,8,0,0,0,0,8,8,0,11,11,0
GA-501,Georgia Balance of State CoC,Largely Rural CoC,"4,183","1,921","2,262","2,960",799,"2,161","1,223","1,122",101,296,107,189,284,99,185,12,8,4,265,58,207,227,69,158,51,3,48,176,66,110,68,65,3,0,0,0,68,65,3,77,74,3
GA-502,Fulton County CoC,Largely Suburban CoC,632,556,76,400,330,70,232,226,6,77,51,26,68,42,26,9,9,0,46,43,3,63,54,9,24,24,0,39,30,9,2,2,0,0,0,0,2,2,0,2,2,0
GA-503,Athens-Clarke County CoC,Other Largely Urban CoC,237,182,55,161,106,55,76,76,0,38,9,29,36,7,29,2,2,0,12,6,6,7,7,0,0,0,0,7,7,0,2,2,0,0,0,0,2,2,0,4,4,0
GA-504,Augusta-Richmond County CoC,Other Largely Urban CoC,384,223,161,312,167,145,72,56,16,42,23,19,33,23,10,9,0,9,31,25,6,17,8,9,2,0,2,15,8,7,1,1,0,0,0,0,1,1,0,1,1,0
GA-505,Columbus-Muscogee CoC,Other Largely Urban CoC,278,226,52,217,165,52,61,61,0,20,6,14,20,6,14,0,0,0,14,11,3,16,14,2,0,0,0,16,14,2,1,1,0,0,0,0,1,1,0,4,4,0
GA-506,Marietta/Cobb County CoC,Largely Suburban CoC,451,324,127,306,190,116,145,134,11,63,14,49,58,11,47,5,3,2,34,16,18,12,8,4,0,0,0,12,8,4,3,2,1,0,0,0,3,2,1,2,1,1
GA-507,Savannah/Chatham County CoC,Other Largely Urban CoC,686,455,231,578,347,231,108,108,0,182,66,116,182,66,116,0,0,0,33,15,18,72,45,27,5,5,0,67,40,27,3,3,0,0,0,0,3,3,0,4,4,0
GA-508,DeKalb County CoC,Largely Suburban CoC,375,178,197,261,64,197,114,114,0,43,11,32,36,4,32,7,7,0,17,2,15,12,1,11,1,0,1,11,1,10,0,0,0,0,0,0,0,0,0,0,0,0
GU-500,Guam CoC,Largely Rural CoC,875,111,764,258,28,230,617,83,534,84,0,84,26,0,26,58,0,58,23,5,18,14,8,6,2,2,0,12,6,6,8,3,5,0,0,0,8,3,5,11,5,6
HI-500,Hawaii Balance of State CoC,Largely Rural CoC,"1,995",758,"1,237","1,324",251,"1,073",671,507,164,627,73,554,550,37,513,77,36,41,121,25,96,41,8,33,0,0,0,41,8,33,21,18,3,0,0,0,21,18,3,16,14,2
HI-501,Honolulu City and County CoC,Largely Suburban CoC,"4,417","2,014","2,403","3,096",983,"2,113","1,321","1,031",290,"1,140",231,909,"1,042",189,853,98,42,56,384,185,199,181,65,116,37,20,17,144,45,99,34,26,8,0,0,0,34,26,8,31,25,6
IA-500,"Sioux City/Dakota, Woodbury Counties CoC",Other Largely Urban CoC,255,248,7,162,155,7,93,93,0,21,19,2,21,19,2,0,0,0,15,15,0,8,6,2,0,0,0,8,6,2,2,2,0,0,0,0,2,2,0,3,3,0
IA-501,Iowa Balance of State CoC,Largely Rural CoC,"1,379","1,290",89,854,772,82,525,518,7,215,199,16,185,169,16,30,30,0,77,72,5,85,78,7,15,11,4,70,67,3,28,28,0,0,0,0,28,28,0,36,36,0
IA-502,Des Moines/Polk County CoC,Other Largely Urban CoC,681,589,92,558,466,92,123,123,0,104,60,44,95,51,44,9,9,0,57,50,7,53,46,7,0,0,0,53,46,7,13,13,0,1,1,0,12,12,0,13,13,0
ID-500,Boise/Ada County CoC,Other Largely Urban CoC,713,652,61,568,507,61,145,145,0,227,193,34,186,152,34,41,41,0,121,112,9,41,33,8,6,6,0,35,27,8,6,6,0,0,0,0,6,6,0,8,8,0
ID-501,Idaho Balance of State CoC,Largely Rural CoC,"1,602",678,924,948,324,624,654,354,300,222,59,163,170,34,136,52,25,27,80,17,63,147,96,51,5,1,4,142,95,47,13,10,3,0,0,0,13,10,3,21,18,3
IL-500,McHenry County CoC,Largely Suburban CoC,159,158,1,93,92,1,66,66,0,16,15,1,16,15,1,0,0,0,27,27,0,13,13,0,1,1,0,12,12,0,0,0,0,0,0,0,0,0,0,0,0,0
IL-501,"Rockford/DeKalb, Winnebago, Boone Counties CoC",Largely Suburban CoC,403,358,45,257,212,45,146,146,0,28,18,10,28,18,10,0,0,0,23,20,3,26,19,7,0,0,0,26,19,7,14,14,0,1,1,0,13,13,0,16,16,0
IL-502,"Waukegan, North Chicago/Lake County CoC",Largely Suburban CoC,252,220,32,157,125,32,95,95,0,28,21,7,25,18,7,3,3,0,1,1,0,15,12,3,0,0,0,15,12,3,3,3,0,0,0,0,3,3,0,5,5,0
IL-503,"Champaign, Urbana, Rantoul/Champaign County CoC",Other Largely Urban CoC,151,149,2,81,79,2,70,70,0,10,8,2,10,8,2,0,0,0,3,3,0,5,5,0,2,2,0,3,3,0,5,5,0,0,0,0,5,5,0,9,9,0
IL-504,Madison County CoC,Largely Suburban CoC,101,69,32,57,37,20,44,32,12,16,2,14,4,2,2,12,0,12,3,0,3,6,3,3,0,0,0,6,3,3,4,4,0,1,1,0,3,3,0,6,6,0
IL-506,"Joliet, Bolingbrook/Will County CoC",Largely Suburban CoC,278,235,43,187,144,43,91,91,0,18,10,8,18,10,8,0,0,0,18,18,0,13,11,2,0,0,0,13,11,2,1,1,0,0,0,0,1,1,0,1,1,0
IL-507,"Peoria, Pekin/Fulton, Tazewell, Peoria, Woodford Counties CoC",Largely Suburban CoC,285,270,15,205,194,11,80,76,4,48,45,3,45,42,3,3,3,0,29,28,1,14,12,2,0,0,0,14,12,2,2,2,0,0,0,0,2,2,0,2,2,0
IL-508,"East St. Louis, Belleville/St. Clair County CoC",Largely Suburban CoC,247,153,94,107,55,52,140,98,42,31,0,31,31,0,31,0,0,0,27,20,7,5,3,2,0,0,0,5,3,2,12,9,3,1,1,0,11,8,3,13,9,4
IL-510,Chicago CoC,Major City CoC,"5,290","4,030","1,260","3,318","2,064","1,254","1,972","1,966",6,"1,189",882,307,914,607,307,275,275,0,399,279,120,289,256,33,12,11,1,277,245,32,128,128,0,0,0,0,128,128,0,197,197,0
IL-511,Cook County CoC,Largely Suburban CoC,897,792,105,573,468,105,324,324,0,142,121,21,133,112,21,9,9,0,43,38,5,57,53,4,1,1,0,56,52,4,24,24,0,0,0,0,24,24,0,36,36,0
IL-512,Bloomington/Central Illinois CoC,Largely Rural CoC,319,258,61,223,168,55,96,90,6,49,35,14,44,30,14,5,5,0,18,15,3,33,28,5,0,0,0,33,28,5,10,10,0,0,0,0,10,10,0,12,12,0
IL-513,Springfield/Sangamon County CoC,Other Largely Urban CoC,284,259,25,204,179,25,80,80,0,59,52,7,57,50,7,2,2,0,23,20,3,10,9,1,0,0,0,10,9,1,9,9,0,0,0,0,9,9,0,12,12,0
IL-514,DuPage County CoC,Largely Suburban CoC,309,299,10,187,177,10,122,122,0,31,30,1,31,30,1,0,0,0,8,7,1,40,40,0,0,0,0,40,40,0,14,14,0,0,0,0,14,14,0,17,17,0
IL-515,South Central Illinois CoC,Largely Rural CoC,94,59,35,59,32,27,35,27,8,3,2,1,3,2,1,0,0,0,4,3,1,6,5,1,0,0,0,6,5,1,2,1,1,0,0,0,2,1,1,3,1,2
IL-516,Decatur/Macon County CoC,Other Largely Urban CoC,169,158,11,119,108,11,50,50,0,25,18,7,25,18,7,0,0,0,6,6,0,12,11,1,0,0,0,12,11,1,2,2,0,0,0,0,2,2,0,3,3,0
IL-517,"Aurora, Elgin/Kane County CoC",Largely Suburban CoC,388,343,45,335,290,45,53,53,0,126,105,21,126,105,21,0,0,0,23,20,3,23,22,1,0,0,0,23,22,1,1,1,0,0,0,0,1,1,0,1,1,0
IL-518,"Rock Island, Moline/Northwestern Illinois CoC",Largely Rural CoC,211,195,16,137,127,10,74,68,6,2,2,0,2,2,0,0,0,0,14,14,0,21,19,2,0,0,0,21,19,2,6,4,2,1,1,0,5,3,2,7,5,2
IL-519,West Central Illinois CoC,Largely Rural CoC,68,66,2,36,34,2,32,32,0,3,2,1,3,2,1,0,0,0,4,3,1,7,7,0,0,0,0,7,7,0,0,0,0,0,0,0,0,0,0,0,0,0
IL-520,Southern Illinois CoC,Largely Rural CoC,294,239,55,178,134,44,116,105,11,18,1,17,18,1,17,0,0,0,17,14,3,14,12,2,0,0,0,14,12,2,8,8,0,0,0,0,8,8,0,11,11,0
IN-502,Indiana Balance of State CoC,Largely Rural CoC,"3,904","3,367",537,"2,628","2,115",513,"1,276","1,252",24,241,241,0,214,214,0,27,27,0,303,268,35,195,157,38,13,13,0,182,144,38,43,40,3,0,0,0,43,40,3,60,57,3
IN-503,Indianapolis CoC,Major City CoC,"1,567","1,462",105,"1,155","1,055",100,412,407,5,125,73,52,100,50,50,25,23,2,269,261,8,63,52,11,2,2,0,61,50,11,15,15,0,0,0,0,15,15,0,25,25,0
KS-502,Wichita/Sedgwick County CoC,Other Largely Urban CoC,593,536,57,426,369,57,167,167,0,20,7,13,20,7,13,0,0,0,57,52,5,18,17,1,4,4,0,14,13,1,7,7,0,0,0,0,7,7,0,11,11,0
KS-503,Topeka/Shawnee County CoC,Other Largely Urban CoC,441,373,68,329,264,65,112,109,3,192,143,49,158,109,49,34,34,0,55,47,8,20,17,3,0,0,0,20,17,3,3,3,0,0,0,0,3,3,0,3,3,0
KS-505,"Overland Park, Shawnee/Johnson County CoC",Largely Suburban CoC,189,150,39,109,70,39,80,80,0,32,9,23,29,6,23,3,3,0,7,5,2,10,10,0,0,0,0,10,10,0,1,1,0,0,0,0,1,1,0,2,2,0
KS-507,Kansas Balance of State CoC,Largely Rural CoC,"1,056",822,234,787,558,229,269,264,5,100,42,58,84,31,53,16,11,5,66,49,17,68,56,12,0,0,0,68,56,12,6,6,0,0,0,0,6,6,0,8,8,0
KY-500,Kentucky Balance of State CoC,Largely Rural CoC,"2,221","1,571",650,"1,588",996,592,633,575,58,202,148,54,182,128,54,20,20,0,144,124,20,122,78,44,6,6,0,116,72,44,22,20,2,0,0,0,22,20,2,27,24,3
KY-501,Louisville-Jefferson County CoC,Major City CoC,"1,071",953,118,809,691,118,262,262,0,220,196,24,194,170,24,26,26,0,225,210,15,58,51,7,6,6,0,52,45,7,17,17,0,0,0,0,17,17,0,27,27,0
KY-502,Lexington-Fayette County CoC,Other Largely Urban CoC,787,776,11,676,665,11,111,111,0,112,110,2,103,101,2,9,9,0,78,78,0,31,27,4,0,0,0,31,27,4,2,2,0,0,0,0,2,2,0,7,7,0
LA-500,Lafayette/Acadiana CoC,Largely Rural CoC,360,205,155,279,129,150,81,76,5,75,19,56,75,19,56,0,0,0,24,17,7,13,5,8,0,0,0,13,5,8,5,5,0,0,0,0,5,5,0,7,7,0
LA-502,"Shreveport, Bossier/Northwest Louisiana CoC",Other Largely Urban CoC,292,232,60,218,158,60,74,74,0,43,14,29,41,12,29,2,2,0,84,79,5,7,6,1,1,1,0,6,5,1,4,4,0,0,0,0,4,4,0,5,5,0
LA-503,New Orleans/Jefferson Parish CoC,Major City CoC,"1,179",749,430,"1,049",619,430,130,130,0,146,85,61,146,85,61,0,0,0,121,111,10,78,64,14,5,5,0,73,59,14,11,11,0,0,0,0,11,11,0,16,16,0
LA-505,Monroe/Northeast Louisiana CoC,Largely Rural CoC,188,171,17,87,70,17,101,101,0,20,8,12,20,8,12,0,0,0,4,3,1,10,9,1,1,1,0,9,8,1,4,4,0,0,0,0,4,4,0,4,4,0
LA-506,Slidell/Southeast Louisiana CoC,Largely Suburban CoC,215,139,76,193,131,62,22,8,14,18,4,14,18,4,14,0,0,0,30,29,1,4,2,2,0,0,0,4,2,2,0,0,0,0,0,0,0,0,0,0,0,0
LA-507,Alexandria/Central Louisiana CoC,Largely Rural CoC,114,95,19,87,68,19,27,27,0,21,10,11,21,10,11,0,0,0,9,9,0,4,3,1,0,0,0,4,3,1,0,0,0,0,0,0,0,0,0,0,0,0
LA-509,Louisiana Balance of State CoC,Largely Suburban CoC,593,376,217,503,286,217,90,90,0,123,49,74,110,36,74,13,13,0,88,69,19,72,58,14,30,30,0,42,28,14,1,1,0,0,0,0,1,1,0,2,2,0
MA-500,Boston CoC,Major City CoC,"6,242","6,121",121,"2,392","2,271",121,"3,850","3,850",0,825,808,17,508,491,17,317,317,0,290,286,4,168,162,6,11,11,0,157,151,6,160,160,0,1,1,0,159,159,0,160,160,0
MA-502,Lynn CoC,Largely Suburban CoC,"1,035","1,030",5,78,73,5,957,957,0,78,74,4,43,39,4,35,35,0,2,1,1,20,20,0,0,0,0,20,20,0,16,16,0,0,0,0,16,16,0,12,12,0
MA-503,Cape Cod Islands CoC,Largely Suburban CoC,371,333,38,176,138,38,195,195,0,62,48,14,60,46,14,2,2,0,19,15,4,8,6,2,0,0,0,8,6,2,11,11,0,0,0,0,11,11,0,11,11,0
MA-504,Springfield/Hampden County CoC,Largely Suburban CoC,"2,443","2,401",42,373,331,42,"2,070","2,070",0,200,175,25,69,44,25,131,131,0,25,22,3,25,23,2,2,2,0,23,21,2,73,73,0,0,0,0,73,73,0,124,124,0
MA-505,New Bedford CoC,Largely Suburban CoC,433,380,53,229,178,51,204,202,2,47,22,25,44,19,25,3,3,0,43,41,2,12,10,2,0,0,0,12,10,2,4,4,0,0,0,0,4,4,0,3,3,0
MA-506,Worcester City & County CoC,Largely Suburban CoC,"1,593","1,424",169,662,500,162,931,924,7,84,54,30,63,33,30,21,21,0,155,144,11,83,60,23,3,1,2,80,59,21,48,47,1,0,0,0,48,47,1,59,58,1
MA-507,"Pittsfield/Berkshire, Franklin, Hampshire Counties CoC",Largely Suburban CoC,546,512,34,362,328,34,184,184,0,74,59,15,48,33,15,26,26,0,172,171,1,23,22,1,7,7,0,16,15,1,2,2,0,1,1,0,1,1,0,1,1,0
MA-508,Lowell CoC,Largely Suburban CoC,784,768,16,221,205,16,563,563,0,138,132,6,26,20,6,112,112,0,45,42,3,9,8,1,0,0,0,9,8,1,23,23,0,0,0,0,23,23,0,31,31,0
MA-509,Cambridge CoC,Other Largely Urban CoC,555,497,58,384,326,58,171,171,0,216,179,37,209,172,37,7,7,0,19,17,2,47,34,13,0,0,0,47,34,13,18,18,0,0,0,0,18,18,0,20,20,0
MA-510,"Gloucester, Haverhill, Salem/Essex County CoC",Largely Suburban CoC,760,709,51,261,210,51,499,499,0,125,91,34,68,34,34,57,57,0,29,27,2,11,6,5,0,0,0,11,6,5,28,28,0,0,0,0,28,28,0,30,30,0
MA-511,"Quincy, Brockton, Weymouth, Plymouth City and County CoC",Largely Suburban CoC,"1,088","1,075",13,383,370,13,705,705,0,212,208,4,132,128,4,80,80,0,49,49,0,15,15,0,0,0,0,15,15,0,43,43,0,0,0,0,43,43,0,53,53,0
MA-515,Fall River CoC,Largely Suburban CoC,320,316,4,66,62,4,254,254,0,55,53,2,36,34,2,19,19,0,0,0,0,2,1,1,0,0,0,2,1,1,2,2,0,0,0,0,2,2,0,3,3,0
MA-516,Massachusetts Balance of State CoC,Largely Suburban CoC,"1,918","1,737",181,505,324,181,"1,413","1,413",0,212,194,18,49,31,18,163,163,0,42,42,0,44,31,13,1,1,0,43,30,13,48,48,0,2,2,0,46,46,0,61,61,0
MA-517,Somerville CoC,Largely Suburban CoC,127,117,10,95,85,10,32,32,0,28,23,5,23,18,5,5,5,0,24,24,0,11,10,1,0,0,0,11,10,1,0,0,0,0,0,0,0,0,0,0,0,0
MA-519,"Attleboro, Taunton/Bristol County CoC",Largely Suburban CoC,256,222,34,72,38,34,184,184,0,14,5,9,14,5,9,0,0,0,3,3,0,2,1,1,0,0,0,2,1,1,4,4,0,0,0,0,4,4,0,5,5,0
MD-500,Cumberland/Allegany County CoC,Largely Suburban CoC,145,108,37,95,58,37,50,50,0,18,10,8,13,5,8,5,5,0,3,2,1,9,4,5,0,0,0,9,4,5,0,0,0,0,0,0,0,0,0,0,0,0
MD-501,Baltimore CoC,Major City CoC,"2,294","1,914",380,"1,944","1,573",371,350,341,9,619,355,264,579,321,258,40,34,6,258,235,23,110,51,59,8,5,3,102,46,56,26,26,0,0,0,0,26,26,0,30,30,0
MD-502,Harford County CoC,Largely Suburban CoC,228,205,23,96,73,23,132,132,0,19,11,8,19,11,8,0,0,0,4,4,0,8,8,0,0,0,0,8,8,0,5,5,0,0,0,0,5,5,0,10,10,0
MD-503,Annapolis/Anne Arundel County CoC,Largely Suburban CoC,302,241,61,225,166,59,77,75,2,71,38,33,71,38,33,0,0,0,19,15,4,15,10,5,0,0,0,15,10,5,4,4,0,0,0,0,4,4,0,7,7,0
MD-504,Howard County CoC,Largely Suburban CoC,201,129,72,98,55,43,103,74,29,36,15,21,31,15,16,5,0,5,9,4,5,5,4,1,0,0,0,5,4,1,1,1,0,0,0,0,1,1,0,1,1,0
MD-505,Baltimore County CoC,Largely Suburban CoC,735,486,249,438,232,206,297,254,43,183,85,98,141,49,92,42,36,6,22,10,12,19,9,10,0,0,0,19,9,10,8,6,2,0,0,0,8,6,2,10,9,1
MD-506,Carroll County CoC,Largely Suburban CoC,144,121,23,105,88,17,39,33,6,44,36,8,41,36,5,3,0,3,6,4,2,13,13,0,0,0,0,13,13,0,0,0,0,0,0,0,0,0,0,0,0,0
MD-507,Cecil County CoC,Largely Suburban CoC,126,104,22,77,59,18,49,45,4,18,6,12,14,6,8,4,0,4,34,32,2,1,1,0,0,0,0,1,1,0,0,0,0,0,0,0,0,0,0,0,0,0
MD-508,"Charles, Calvert, St.Mary's Counties CoC",Largely Suburban CoC,306,192,114,228,132,96,78,60,18,79,31,48,67,25,42,12,6,6,13,4,9,16,12,4,0,0,0,16,12,4,5,4,1,0,0,0,5,4,1,7,6,1
MD-509,Frederick City & County CoC,Largely Suburban CoC,286,208,78,212,134,78,74,74,0,39,23,16,37,21,16,2,2,0,4,2,2,19,11,8,0,0,0,19,11,8,1,1,0,0,0,0,1,1,0,1,1,0
MD-510,Garrett County CoC,Largely Rural CoC,12,11,1,12,11,1,0,0,0,1,0,1,1,0,1,0,0,0,0,0,0,0,0,0,0,0,0,0,0,0,0,0,0,0,0,0,0,0,0,0,0,0
MD-511,Mid-Shore Regional CoC,Largely Rural CoC,164,146,18,81,63,18,83,83,0,23,20,3,16,13,3,7,7,0,7,5,2,9,9,0,0,0,0,9,9,0,5,5,0,0,0,0,5,5,0,5,5,0
MD-512,Hagerstown/Washington County CoC,Largely Suburban CoC,249,164,85,202,139,63,47,25,22,40,22,18,38,22,16,2,0,2,55,50,5,14,8,6,0,0,0,14,8,6,0,0,0,0,0,0,0,0,0,0,0,0
MD-513,"Wicomico, Somerset, Worcester Counties CoC",Largely Rural CoC,275,238,37,198,161,37,77,77,0,48,41,7,41,34,7,7,7,0,15,11,4,7,4,3,0,0,0,7,4,3,6,6,0,0,0,0,6,6,0,8,8,0
MD-600,Prince George's County CoC,Largely Suburban CoC,447,374,73,200,127,73,247,247,0,46,14,32,44,12,32,2,2,0,28,22,6,23,18,5,1,1,0,22,17,5,13,13,0,0,0,0,13,13,0,17,17,0
MD-601,Montgomery County CoC,Largely Suburban CoC,647,572,75,441,366,75,206,206,0,11,9,2,11,9,2,0,0,0,13,11,2,22,17,5,0,0,0,22,17,5,4,4,0,0,0,0,4,4,0,4,4,0
ME-500,Maine Statewide CoC,Largely Rural CoC,"2,106","2,011",95,"1,232","1,140",92,874,871,3,226,193,33,211,178,33,15,15,0,116,108,8,125,112,13,13,13,0,112,99,13,16,16,0,0,0,0,16,16,0,19,19,0
MI-500,Michigan Balance of State CoC,Largely Rural CoC,"1,245","1,111",134,624,518,106,621,593,28,79,60,19,57,38,19,22,22,0,51,47,4,82,76,6,4,4,0,78,72,6,18,18,0,0,0,0,18,18,0,23,23,0
MI-501,Detroit CoC,Major City CoC,"1,965","1,879",86,"1,400","1,314",86,565,565,0,279,246,33,263,230,33,16,16,0,290,281,9,102,99,3,1,1,0,101,98,3,50,50,0,0,0,0,50,50,0,76,76,0
MI-502,"Dearborn, Dearborn Heights, Westland/Wayne County CoC",Largely Suburban CoC,222,205,17,90,73,17,132,132,0,21,17,4,12,8,4,9,9,0,23,23,0,2,0,2,0,0,0,2,0,2,0,0,0,0,0,0,0,0,0,0,0,0
MI-503,"St. Clair Shores, Warren/Macomb County CoC",Largely Suburban CoC,265,245,20,193,175,18,72,70,2,12,10,2,12,10,2,0,0,0,12,12,0,10,10,0,5,5,0,5,5,0,4,4,0,0,0,0,4,4,0,4,4,0
MI-504,"Pontiac, Royal Oak/Oakland County CoC",Largely Suburban CoC,425,382,43,247,219,28,178,163,15,47,42,5,41,36,5,6,6,0,11,11,0,39,39,0,7,7,0,32,32,0,23,21,2,0,0,0,23,21,2,36,35,1
MI-505,Flint/Genesee County CoC,Largely Suburban CoC,450,402,48,288,240,48,162,162,0,51,41,10,49,39,10,2,2,0,16,13,3,19,18,1,2,2,0,17,16,1,35,35,0,0,0,0,35,35,0,99,99,0
MI-506,"Grand Rapids, Wyoming/Kent County CoC",Other Largely Urban CoC,759,743,16,435,419,16,324,324,0,121,118,3,113,110,3,8,8,0,48,47,1,42,41,1,8,8,0,34,33,1,12,12,0,0,0,0,12,12,0,20,20,0
MI-507,"Portage, Kalamazoo City & County CoC",Other Largely Urban CoC,702,529,173,440,284,156,262,245,17,89,48,41,76,35,41,13,13,0,17,14,3,42,41,1,5,5,0,37,36,1,11,11,0,0,0,0,11,11,0,16,16,0
MI-508,"Lansing, East Lansing/Ingham County CoC",Other Largely Urban CoC,476,466,10,303,293,10,173,173,0,40,37,3,40,37,3,0,0,0,26,25,1,28,28,0,4,4,0,24,24,0,13,13,0,0,0,0,13,13,0,17,17,0
MI-509,Washtenaw County CoC,Largely Suburban CoC,273,261,12,193,181,12,80,80,0,58,51,7,58,51,7,0,0,0,19,19,0,29,27,2,2,2,0,27,25,2,4,4,0,0,0,0,4,4,0,6,6,0
MI-510,Saginaw City & County CoC,Largely Suburban CoC,364,352,12,186,174,12,178,178,0,25,25,0,16,16,0,9,9,0,16,16,0,24,24,0,3,3,0,21,21,0,10,10,0,0,0,0,10,10,0,21,21,0
MI-511,Lenawee County CoC,Largely Rural CoC,123,120,3,60,57,3,63,63,0,6,3,3,6,3,3,0,0,0,4,4,0,7,6,1,1,1,0,6,5,1,3,3,0,0,0,0,3,3,0,5,5,0
MI-512,"Grand Traverse, Antrim, Leelanau Counties CoC",Largely Rural CoC,168,164,4,122,118,4,46,46,0,44,44,0,38,38,0,6,6,0,6,6,0,10,9,1,1,1,0,9,8,1,2,2,0,0,0,0,2,2,0,1,1,0
MI-513,"Marquette, Alger Counties CoC",Largely Rural CoC,53,53,0,30,30,0,23,23,0,2,2,0,2,2,0,0,0,0,0,0,0,1,1,0,0,0,0,1,1,0,0,0,0,0,0,0,0,0,0,0,0,0
MI-514,Battle Creek/Calhoun County CoC,Other Largely Urban CoC,241,203,38,162,126,36,79,77,2,38,24,14,31,17,14,7,7,0,31,28,3,12,8,4,1,0,1,11,8,3,4,4,0,0,0,0,4,4,0,7,7,0
MI-515,Monroe City & County CoC,Largely Suburban CoC,167,167,0,91,91,0,76,76,0,5,5,0,3,3,0,2,2,0,8,8,0,8,8,0,0,0,0,8,8,0,4,4,0,0,0,0,4,4,0,5,5,0
MI-516,"Norton Shores, Muskegon City & County CoC",Largely Suburban CoC,136,120,16,87,71,16,49,49,0,14,8,6,14,8,6,0,0,0,6,6,0,11,6,5,0,0,0,11,6,5,0,0,0,0,0,0,0,0,0,0,0,0
MI-517,Jackson City & County CoC,Largely Rural CoC,113,100,13,90,77,13,23,23,0,7,7,0,7,7,0,0,0,0,7,6,1,7,6,1,0,0,0,7,6,1,0,0,0,0,0,0,0,0,0,0,0,0
MI-518,Livingston County CoC,Largely Suburban CoC,89,89,0,40,40,0,49,49,0,7,7,0,1,1,0,6,6,0,0,0,0,5,5,0,0,0,0,5,5,0,1,1,0,0,0,0,1,1,0,1,1,0
MI-519,Holland/Ottawa County CoC,Largely Suburban CoC,225,208,17,128,113,15,97,95,2,5,5,0,0,0,0,5,5,0,8,8,0,9,9,0,0,0,0,9,9,0,6,6,0,0,0,0,6,6,0,11,11,0
MI-523,Eaton County CoC,Largely Suburban CoC,114,114,0,3,3,0,111,111,0,0,0,0,0,0,0,0,0,0,0,0,0,0,0,0,0,0,0,0,0,0,2,2,0,0,0,0,2,2,0,3,3,0
MN-500,Minneapolis/Hennepin County CoC,Major City CoC,"3,400","2,797",603,"2,057","1,457",600,"1,343","1,340",3,758,558,200,665,465,200,93,93,0,123,94,29,259,224,35,23,21,2,236,203,33,42,42,0,1,1,0,41,41,0,53,53,0
MN-501,Saint Paul/Ramsey County CoC,Other Largely Urban CoC,"1,579","1,262",317,"1,002",752,250,577,510,67,456,257,199,376,206,170,80,51,29,70,59,11,104,71,33,8,8,0,96,63,33,30,29,1,2,2,0,28,27,1,49,47,2
MN-502,Rochester/Southeast Minnesota CoC,Largely Rural CoC,452,394,58,210,168,42,242,226,16,46,27,19,38,22,16,8,5,3,9,6,3,75,66,9,5,4,1,70,62,8,12,12,0,0,0,0,12,12,0,20,20,0
MN-503,"Dakota, Anoka, Washington, Scott, Carver Counties",Largely Suburban CoC,686,450,236,372,185,187,314,265,49,130,67,63,105,45,60,25,22,3,24,15,9,75,49,26,9,9,0,66,40,26,13,12,1,1,1,0,12,11,1,16,13,3
MN-504,Northeast Minnesota CoC,Largely Rural CoC,90,62,28,47,19,28,43,43,0,6,4,2,4,2,2,2,2,0,2,0,2,8,5,3,2,0,2,6,5,1,4,4,0,0,0,0,4,4,0,2,2,0
MN-505,St. Cloud/Central Minnesota CoC,Largely Rural CoC,679,466,213,332,174,158,347,292,55,143,110,33,64,43,21,79,67,12,32,28,4,55,40,15,3,2,1,52,38,14,20,16,4,0,0,0,20,16,4,31,27,4
MN-506,Northwest Minnesota CoC,Largely Rural CoC,268,260,8,124,116,8,144,144,0,27,27,0,27,27,0,0,0,0,9,9,0,44,43,1,8,8,0,36,35,1,20,20,0,0,0,0,20,20,0,18,18,0
MN-508,Moorhead/West Central Minnesota CoC,Largely Rural CoC,216,215,1,97,96,1,119,119,0,16,16,0,14,14,0,2,2,0,9,9,0,18,18,0,7,7,0,11,11,0,12,12,0,0,0,0,12,12,0,21,21,0
MN-509,Duluth/St.Louis County CoC,Largely Rural CoC,519,336,183,315,146,169,204,190,14,155,39,116,148,32,116,7,7,0,17,13,4,37,23,14,5,5,0,32,18,14,18,17,1,1,1,0,17,16,1,16,15,1
MN-511,Southwest Minnesota CoC,Largely Rural CoC,88,82,6,30,24,6,58,58,0,8,8,0,3,3,0,5,5,0,2,1,1,10,9,1,0,0,0,10,9,1,5,5,0,0,0,0,5,5,0,5,5,0
MO-500,St. Louis County CoC,Largely Suburban CoC,487,460,27,281,257,24,206,203,3,43,37,6,29,23,6,14,14,0,21,19,2,123,121,2,21,21,0,102,100,2,41,41,0,4,4,0,37,37,0,48,48,0
MO-501,St.Louis City CoC,Other Largely Urban CoC,"1,031",978,53,746,693,53,285,285,0,191,184,7,172,165,7,19,19,0,141,131,10,46,43,3,2,2,0,44,41,3,30,30,0,2,2,0,28,28,0,35,35,0
MO-503,"St. Charles City & County, Lincoln, Warren Counties CoC",Largely Suburban CoC,438,311,127,237,143,94,201,168,33,29,18,11,18,9,9,11,9,2,11,9,2,39,25,14,6,6,0,33,19,14,9,7,2,1,1,0,8,6,2,9,7,2
MO-600,"Springfield/Greene, Christian, Webster Counties CoC",Other Largely Urban CoC,492,411,81,335,254,81,157,157,0,121,87,34,107,73,34,14,14,0,32,19,13,48,36,12,10,8,2,38,28,10,6,6,0,0,0,0,6,6,0,9,9,0
MO-602,"Joplin/Jasper, Newton Counties CoC",Largely Rural CoC,237,188,49,188,141,47,49,47,2,32,19,13,22,9,13,10,10,0,44,43,1,12,11,1,5,5,0,7,6,1,1,1,0,0,0,0,1,1,0,2,2,0
MO-603,"St. Joseph/Andrew, Buchanan, DeKalb Counties CoC",Other Largely Urban CoC,255,218,37,169,136,33,86,82,4,92,70,22,79,57,22,13,13,0,13,11,2,12,12,0,0,0,0,12,12,0,3,1,2,0,0,0,3,1,2,4,2,2
MO-604,"Kansas City, Independence, Lee’s Summit/Jackson, Wyandotte Counties, MO & KS",Major City CoC,"1,979","1,659",320,"1,392","1,084",308,587,575,12,337,166,171,305,145,160,32,21,11,116,73,43,95,80,15,40,37,3,55,43,12,28,28,0,13,13,0,15,15,0,32,32,0
MO-606,Missouri Balance of State CoC,Largely Rural CoC,"1,362","1,003",359,916,603,313,446,400,46,272,164,108,226,118,108,46,46,0,114,90,24,108,95,13,20,20,0,88,75,13,27,26,1,0,0,0,27,26,1,46,44,2
MP-500,Northern Mariana Islands CoC,Largely Rural CoC,"1,807",20,"1,787",423,18,405,"1,384",2,"1,382",42,18,24,22,16,6,20,2,18,4,0,4,2,1,1,1,0,1,1,1,0,1,1,0,0,0,0,1,1,0,1,1,0
MS-500,"Jackson/Rankin, Madison Counties CoC",Largely Suburban CoC,408,302,106,346,240,106,62,62,0,173,67,106,166,60,106,7,7,0,44,36,8,24,15,9,6,6,0,18,9,9,1,1,0,0,0,0,1,1,0,1,1,0
MS-501,Mississippi Balance of State CoC,Largely Rural CoC,480,291,189,380,193,187,100,98,2,31,2,29,31,2,29,0,0,0,20,13,7,28,20,8,1,1,0,27,19,8,1,1,0,0,0,0,1,1,0,2,2,0
MS-503,Gulf Port/Gulf Coast Regional CoC,Largely Rural CoC,296,105,191,237,46,191,59,59,0,19,2,17,19,2,17,0,0,0,8,0,8,4,1,3,0,0,0,4,1,3,2,2,0,0,0,0,2,2,0,2,2,0
MT-500,Montana Statewide CoC,Largely Rural CoC,"1,357","1,012",345,947,656,291,410,356,54,228,133,95,194,106,88,34,27,7,205,136,69,82,57,25,8,8,0,74,49,25,19,19,0,0,0,0,19,19,0,32,32,0
NC-500,Winston-Salem/Forsyth County CoC,Other Largely Urban CoC,454,430,24,380,356,24,74,74,0,78,73,5,68,63,5,10,10,0,49,48,1,27,24,3,0,0,0,27,24,3,1,1,0,0,0,0,1,1,0,3,3,0
NC-501,Asheville/Buncombe County CoC,Largely Suburban CoC,580,502,78,539,467,72,41,35,6,123,83,40,121,81,40,2,2,0,256,248,8,29,17,12,5,5,0,24,12,12,3,1,2,0,0,0,3,1,2,3,2,1
NC-502,Durham City & County CoC,Other Largely Urban CoC,361,280,81,252,175,77,109,105,4,82,61,21,64,43,21,18,18,0,71,64,7,12,8,4,0,0,0,12,8,4,6,6,0,0,0,0,6,6,0,7,7,0
NC-503,North Carolina Balance of State CoC,Largely Rural CoC,"2,989","2,139",850,"2,213","1,456",757,776,683,93,299,174,125,267,148,119,32,26,6,157,124,33,152,125,27,2,2,0,150,123,27,13,13,0,0,0,0,13,13,0,18,18,0
NC-504,"Greensboro, High Point CoC",Other Largely Urban CoC,586,525,61,460,399,61,126,126,0,44,40,4,38,34,4,6,6,0,56,53,3,26,25,1,8,8,0,18,17,1,8,8,0,2,2,0,6,6,0,11,11,0
NC-505,Charlotte/Mecklenberg CoC,Major City CoC,"1,742","1,546",196,"1,223","1,027",196,519,519,0,247,174,73,235,162,73,12,12,0,165,148,17,60,46,14,0,0,0,60,46,14,9,9,0,0,0,0,9,9,0,12,12,0
NC-506,"Wilmington/Brunswick, New Hanover, Pender Counties CoC",Largely Suburban CoC,431,269,162,342,184,158,89,85,4,49,23,26,49,23,26,0,0,0,27,22,5,11,7,4,0,0,0,11,7,4,4,4,0,1,1,0,3,3,0,7,7,0
NC-507,Raleigh/Wake County CoC,Major City CoC,970,734,236,680,462,218,290,272,18,126,65,61,115,57,58,11,8,3,67,41,26,39,27,12,3,3,0,36,24,12,4,4,0,0,0,0,4,4,0,6,6,0
NC-509,"Gastonia/Cleveland, Gaston, Lincoln Counties CoC",Largely Suburban CoC,324,252,72,236,164,72,88,88,0,60,27,33,58,25,33,2,2,0,6,1,5,20,15,5,9,6,3,11,9,2,4,4,0,0,0,0,4,4,0,5,5,0
NC-511,Fayetteville/Cumberland County CoC,Other Largely Urban CoC,329,103,226,222,12,210,107,91,16,122,2,120,122,2,120,0,0,0,38,1,37,5,0,5,0,0,0,5,0,5,2,2,0,0,0,0,2,2,0,3,3,0
NC-513,Chapel Hill/Orange County CoC,Other Largely Urban CoC,131,102,29,103,76,27,28,26,2,24,8,16,19,3,16,5,5,0,10,8,2,1,1,0,0,0,0,1,1,0,0,0,0,0,0,0,0,0,0,0,0,0
NC-516,Northwest North Carolina CoC,Largely Rural CoC,417,164,253,217,111,106,200,53,147,17,6,11,17,6,11,0,0,0,5,5,0,35,22,13,0,0,0,35,22,13,5,1,4,0,0,0,5,1,4,5,1,4
ND-500,North Dakota Statewide CoC,Largely Rural CoC,557,545,12,377,374,3,180,171,9,73,73,0,73,73,0,0,0,0,49,49,0,72,72,0,3,3,0,69,69,0,5,5,0,0,0,0,5,5,0,4,4,0
NE-500,Nebraska Balance of State CoC,Largely Rural CoC,506,486,20,306,289,17,200,197,3,11,7,4,11,7,4,0,0,0,31,29,2,41,41,0,1,1,0,40,40,0,10,10,0,0,0,0,10,10,0,15,15,0
NE-501,"Omaha, Council Bluffs CoC",Major City CoC,"1,410","1,364",46,"1,130","1,084",46,280,280,0,343,328,15,321,306,15,22,22,0,123,115,8,78,74,4,2,2,0,76,72,4,8,8,0,0,0,0,8,8,0,10,10,0
NE-502,Lincoln CoC,Other Largely Urban CoC,449,405,44,279,235,44,170,170,0,100,78,22,90,68,22,10,10,0,21,20,1,32,23,9,2,2,0,30,21,9,9,9,0,0,0,0,9,9,0,15,15,0
NH-500,New Hampshire Balance of State CoC,Largely Rural CoC,669,574,95,409,318,91,260,256,4,167,118,49,139,90,49,28,28,0,21,14,7,45,32,13,5,1,4,40,31,9,12,11,1,0,0,0,12,11,1,18,17,1
NH-501,Manchester CoC,Other Largely Urban CoC,461,410,51,274,223,51,187,187,0,37,25,12,35,23,12,2,2,0,32,32,0,31,22,9,1,0,1,30,22,8,10,10,0,0,0,0,10,10,0,16,16,0
NH-502,Nashua/Hillsborough County CoC,Largely Suburban CoC,266,263,3,129,126,3,137,137,0,14,13,1,14,13,1,0,0,0,60,60,0,8,8,0,0,0,0,8,8,0,2,2,0,0,0,0,2,2,0,2,2,0
NJ-500,Atlantic City & County CoC,Largely Suburban CoC,357,261,96,328,232,96,29,29,0,73,53,20,60,40,20,13,13,0,43,39,4,35,33,2,0,0,0,35,33,2,2,2,0,0,0,0,2,2,0,4,4,0
NJ-501,Bergen County CoC,Largely Suburban CoC,271,267,4,177,173,4,94,94,0,11,9,2,11,9,2,0,0,0,13,13,0,23,23,0,7,7,0,16,16,0,1,1,0,0,0,0,1,1,0,3,3,0
NJ-502,Burlington County CoC,Largely Suburban CoC,518,495,23,239,216,23,279,279,0,36,36,0,18,18,0,18,18,0,10,7,3,14,13,1,0,0,0,14,13,1,14,14,0,0,0,0,14,14,0,17,17,0
NJ-503,"Camden City & County/Gloucester, Cape May, Cumberland Counties CoC",Largely Suburban CoC,979,760,219,781,562,219,198,198,0,230,109,121,224,103,121,6,6,0,123,114,9,49,34,15,2,2,0,47,32,15,10,10,0,0,0,0,10,10,0,18,18,0
NJ-504,Newark/Essex County CoC,Largely Suburban CoC,"2,235","1,897",338,"1,360","1,035",325,875,862,13,271,103,168,248,86,162,23,17,6,88,74,14,130,115,15,3,3,0,127,112,15,67,66,1,0,0,0,67,66,1,84,83,1
NJ-506,"Jersey City, Bayonne/Hudson County CoC",Largely Suburban CoC,890,623,267,722,458,264,168,165,3,226,85,141,226,85,141,0,0,0,29,19,10,23,15,8,0,0,0,23,15,8,14,14,0,0,0,0,14,14,0,20,20,0
NJ-507,New Brunswick/Middlesex County CoC,Largely Suburban CoC,620,485,135,361,226,135,259,259,0,131,74,57,108,51,57,23,23,0,16,9,7,23,17,6,0,0,0,23,17,6,18,18,0,0,0,0,18,18,0,21,21,0
NJ-508,Monmouth County CoC,Largely Suburban CoC,359,305,54,208,156,52,151,149,2,58,24,34,58,24,34,0,0,0,8,8,0,16,15,1,0,0,0,16,15,1,7,7,0,0,0,0,7,7,0,11,11,0
NJ-509,Morris County CoC,Largely Suburban CoC,388,346,42,244,202,42,144,144,0,65,33,32,65,33,32,0,0,0,11,11,0,23,18,5,0,0,0,23,18,5,8,8,0,0,0,0,8,8,0,11,11,0
NJ-510,Lakewood Township/Ocean County CoC,Largely Suburban CoC,305,275,30,179,151,28,126,124,2,38,27,11,38,27,11,0,0,0,6,4,2,38,38,0,4,4,0,34,34,0,2,2,0,0,0,0,2,2,0,2,2,0
NJ-511,Paterson/Passaic County CoC,Largely Suburban CoC,391,274,117,287,170,117,104,104,0,93,46,47,91,44,47,2,2,0,7,5,2,18,17,1,0,0,0,18,17,1,6,6,0,0,0,0,6,6,0,11,11,0
NJ-512,Salem County CoC,Largely Suburban CoC,29,29,0,8,8,0,21,21,0,1,1,0,1,1,0,0,0,0,0,0,0,0,0,0,0,0,0,0,0,0,0,0,0,0,0,0,0,0,0,0,0,0
NJ-513,Somerset County CoC,Largely Suburban CoC,301,295,6,197,191,6,104,104,0,7,6,1,7,6,1,0,0,0,98,98,0,39,39,0,9,9,0,30,30,0,6,6,0,0,0,0,6,6,0,10,10,0
NJ-514,Trenton/Mercer County CoC,Largely Suburban CoC,448,364,84,324,245,79,124,119,5,70,31,39,68,29,39,2,2,0,19,8,11,24,24,0,3,3,0,21,21,0,7,7,0,0,0,0,7,7,0,7,7,0
NJ-515,Elizabeth/Union County CoC,Largely Suburban CoC,437,398,39,240,201,39,197,197,0,68,53,15,58,43,15,10,10,0,7,7,0,24,21,3,4,4,0,20,17,3,14,14,0,0,0,0,14,14,0,16,16,0
NJ-516,"Warren, Sussex, Hunterdon Counties CoC",Largely Suburban CoC,334,306,28,240,212,28,94,94,0,41,36,5,30,25,5,11,11,0,73,69,4,17,14,3,1,1,0,16,13,3,2,2,0,0,0,0,2,2,0,5,5,0
NM-500,Albuquerque CoC,Major City CoC,"1,524",957,567,"1,224",677,547,300,280,20,590,255,335,564,237,327,26,18,8,147,91,56,112,65,47,32,30,2,80,35,45,9,7,2,0,0,0,9,7,2,10,7,3
NM-501,New Mexico Balance of State CoC,Largely Rural CoC,"1,717","1,025",692,"1,240",597,643,477,428,49,865,523,342,719,394,325,146,129,17,110,28,82,104,61,43,26,26,0,78,35,43,14,14,0,0,0,0,14,14,0,16,16,0
NV-500,Las Vegas/Clark County CoC,Major City CoC,"5,530","2,213","3,317","5,188","1,896","3,292",342,317,25,622,468,154,596,442,154,26,26,0,557,418,139,"1,184",205,979,304,48,256,880,157,723,33,19,14,0,0,0,33,19,14,34,23,11
NV-501,"Reno, Sparks/Washoe County CoC",Other Largely Urban CoC,"1,256","1,030",226,"1,101",875,226,155,155,0,76,67,9,74,65,9,2,2,0,103,87,16,88,65,23,8,7,1,80,58,22,8,8,0,0,0,0,8,8,0,10,10,0
NV-502,Nevada Balance of State CoC,Largely Rural CoC,383,119,264,325,86,239,58,33,25,17,17,0,9,9,0,8,8,0,14,4,10,13,3,10,0,0,0,13,3,10,2,0,2,0,0,0,2,0,2,1,0,1
NY-500,"Rochester, Irondequoit, Greece/Monroe County CoC",Largely Suburban CoC,849,814,35,606,571,35,243,243,0,97,81,16,86,70,16,11,11,0,70,65,5,92,89,3,13,13,0,79,76,3,15,15,0,0,0,0,15,15,0,17,17,0
NY-501,"Elmira/Steuben, Allegany, Livingston, Chemung, Schuyler Counties CoC",Largely Rural CoC,240,233,7,129,122,7,111,111,0,3,0,3,3,0,3,0,0,0,4,4,0,13,13,0,0,0,0,13,13,0,1,1,0,0,0,0,1,1,0,1,1,0
NY-503,Albany City & County CoC,Largely Suburban CoC,750,716,34,543,509,34,207,207,0,91,64,27,91,64,27,0,0,0,88,88,0,40,37,3,5,5,0,35,32,3,5,5,0,1,1,0,4,4,0,6,6,0
NY-504,Cattaragus County CoC,Largely Rural CoC,33,33,0,26,26,0,7,7,0,1,1,0,1,1,0,0,0,0,1,1,0,5,5,0,0,0,0,5,5,0,1,1,0,0,0,0,1,1,0,1,1,0
NY-505,"Syracuse, Auburn/Onondaga, Oswego, Cayuga Counties CoC",Largely Suburban CoC,732,719,13,552,539,13,180,180,0,30,29,1,30,29,1,0,0,0,41,40,1,72,69,3,7,7,0,65,62,3,10,10,0,0,0,0,10,10,0,13,13,0
NY-507,Schenectady City & County CoC,Largely Suburban CoC,372,350,22,231,209,22,141,141,0,24,17,7,24,17,7,0,0,0,12,12,0,16,16,0,2,2,0,14,14,0,4,4,0,0,0,0,4,4,0,5,5,0
NY-508,"Buffalo, Niagara Falls/Erie, Niagara, Orleans, Genesee, Wyoming Counties CoC",Largely Suburban CoC,924,891,33,551,518,33,373,373,0,31,28,3,31,28,3,0,0,0,74,73,1,54,52,2,11,11,0,43,41,2,21,21,0,0,0,0,21,21,0,27,27,0
NY-510,Ithaca/Tompkins County CoC,Largely Rural CoC,171,171,0,122,122,0,49,49,0,55,55,0,51,51,0,4,4,0,7,7,0,23,23,0,0,0,0,23,23,0,9,9,0,0,0,0,9,9,0,7,7,0
NY-511,"Binghamton, Union Town/Broome, Otsego, Chenango, Delaware, Cortland, Tioga Count",Largely Rural CoC,318,309,9,255,246,9,63,63,0,0,0,0,0,0,0,0,0,0,25,25,0,40,40,0,4,4,0,36,36,0,4,4,0,0,0,0,4,4,0,2,2,0
NY-512,Troy/Rensselaer County CoC,Largely Suburban CoC,199,189,10,116,106,10,83,83,0,9,4,5,9,4,5,0,0,0,5,5,0,14,11,3,1,1,0,13,10,3,5,5,0,0,0,0,5,5,0,9,9,0
NY-513,"Wayne, Ontario, Seneca, Yates Counties CoC",Largely Rural CoC,205,204,1,136,135,1,69,69,0,149,148,1,80,79,1,69,69,0,4,4,0,11,11,0,0,0,0,11,11,0,1,1,0,0,0,0,1,1,0,1,1,0
NY-514,"Jamestown, Dunkirk/Chautauqua County CoC",Largely Rural CoC,96,96,0,55,55,0,41,41,0,2,2,0,2,2,0,0,0,0,3,3,0,18,18,0,7,7,0,11,11,0,2,2,0,0,0,0,2,2,0,2,2,0
NY-516,Clinton County CoC,Largely Rural CoC,164,163,1,131,130,1,33,33,0,32,31,1,24,23,1,8,8,0,3,3,0,12,12,0,0,0,0,12,12,0,1,1,0,0,0,0,1,1,0,1,1,0
NY-518,"Utica, Rome/Oneida, Madison Counties CoC",Largely Rural CoC,168,154,14,121,110,11,47,44,3,6,6,0,6,6,0,0,0,0,11,10,1,19,19,0,0,0,0,19,19,0,7,5,2,1,1,0,6,4,2,10,9,1
NY-519,"Columbia, Greene Counties CoC",Largely Rural CoC,200,196,4,97,93,4,103,103,0,20,19,1,8,7,1,12,12,0,4,4,0,8,8,0,0,0,0,8,8,0,8,8,0,0,0,0,8,8,0,11,11,0
NY-520,"Franklin, Essex Counties CoC",Largely Rural CoC,24,21,3,22,19,3,2,2,0,0,0,0,0,0,0,0,0,0,2,2,0,2,2,0,0,0,0,2,2,0,0,0,0,0,0,0,0,0,0,0,0,0
NY-522,"Jefferson, Lewis, St. Lawrence Counties CoC",Largely Rural CoC,53,49,4,39,35,4,14,14,0,0,0,0,0,0,0,0,0,0,2,2,0,9,9,0,0,0,0,9,9,0,0,0,0,0,0,0,0,0,0,0,0,0
NY-523,"Glens Falls, Saratoga Springs/Saratoga, Washington, Warren, Hamilton Counties Co",Largely Suburban CoC,268,261,7,209,202,7,59,59,0,43,39,4,40,36,4,3,3,0,30,30,0,35,34,1,7,7,0,28,27,1,7,7,0,0,0,0,7,7,0,9,9,0
NY-525,New York Balance of State Continuum of Care,Largely Rural CoC,168,164,4,76,72,4,92,92,0,22,19,3,14,11,3,8,8,0,1,1,0,11,11,0,3,3,0,8,8,0,3,3,0,0,0,0,3,3,0,6,6,0
NY-600,New York City CoC,Major City CoC,"78,604","74,982","3,622","35,427","31,805","3,622","43,177","43,177",0,"6,226","4,792","1,434","5,193","3,759","1,434","1,033","1,033",0,684,678,6,"2,263","2,093",170,3,0,3,"2,260","2,093",167,"2,188","2,188",0,0,0,0,"2,188","2,188",0,"2,557","2,557",0
NY-601,Poughkeepsie/Dutchess County CoC,Largely Suburban CoC,533,523,10,269,259,10,264,264,0,31,30,1,23,22,1,8,8,0,7,7,0,27,25,2,5,5,0,22,20,2,7,7,0,0,0,0,7,7,0,10,10,0
NY-602,"Newburgh, Middletown/Orange County CoC",Largely Suburban CoC,589,538,51,251,200,51,338,338,0,57,35,22,54,32,22,3,3,0,10,7,3,30,28,2,6,6,0,24,22,2,22,22,0,0,0,0,22,22,0,27,27,0
NY-603,"Nassau, Suffolk Counties CoC",Largely Suburban CoC,"3,843","3,797",46,"1,171","1,125",46,"2,672","2,672",0,109,93,16,53,37,16,56,56,0,128,124,4,81,81,0,7,7,0,74,74,0,77,77,0,0,0,0,77,77,0,205,205,0
NY-604,"Yonkers, Mount Vernon/Westchester County CoC",Largely Suburban CoC,"1,812","1,780",32,607,575,32,"1,205","1,205",0,130,123,7,84,77,7,46,46,0,42,41,1,51,50,1,3,3,0,48,47,1,46,46,0,0,0,0,46,46,0,62,62,0
NY-606,Rockland County CoC,Largely Suburban CoC,182,139,43,145,102,43,37,37,0,36,10,26,36,10,26,0,0,0,3,3,0,4,3,1,0,0,0,4,3,1,3,3,0,0,0,0,3,3,0,5,5,0
NY-607,Sullivan County CoC,Largely Rural CoC,162,162,0,59,59,0,103,103,0,0,0,0,0,0,0,0,0,0,1,1,0,0,0,0,0,0,0,0,0,0,0,0,0,0,0,0,0,0,0,0,0,0
NY-608,Kingston/Ulster County CoC,Largely Rural CoC,432,390,42,167,130,37,265,260,5,25,5,20,22,2,20,3,3,0,8,7,1,28,26,2,8,8,0,20,18,2,3,3,0,0,0,0,3,3,0,4,4,0
OH-500,Cincinnati/Hamilton County CoC,Largely Suburban CoC,"1,082","1,051",31,793,762,31,289,289,0,69,62,7,69,62,7,0,0,0,139,136,3,90,89,1,15,15,0,75,74,1,12,12,0,0,0,0,12,12,0,17,17,0
OH-501,Toledo/Lucas County CoC,Other Largely Urban CoC,611,599,12,361,349,12,250,250,0,48,42,6,48,42,6,0,0,0,18,17,1,10,10,0,2,2,0,8,8,0,10,10,0,0,0,0,10,10,0,17,17,0
OH-502,Cleveland/Cuyahoga County CoC,Largely Suburban CoC,"1,618","1,512",106,"1,228","1,122",106,390,390,0,226,226,0,212,212,0,14,14,0,135,135,0,95,77,18,0,0,0,95,77,18,23,23,0,0,0,0,23,23,0,36,36,0
OH-503,Columbus/Franklin County CoC,Major City CoC,"1,907","1,525",382,"1,350",982,368,557,543,14,97,24,73,97,24,73,0,0,0,92,76,16,158,91,67,9,8,1,149,83,66,34,34,0,0,0,0,34,34,0,48,48,0
OH-504,Youngstown/Mahoning County CoC,Other Largely Urban CoC,148,139,9,116,107,9,32,32,0,18,12,6,14,8,6,4,4,0,8,7,1,12,12,0,6,6,0,6,6,0,0,0,0,0,0,0,0,0,0,0,0,0
OH-505,"Dayton, Kettering/Montgomery County CoC",Largely Suburban CoC,681,632,49,545,496,49,136,136,0,28,26,2,28,26,2,0,0,0,51,50,1,82,82,0,3,3,0,79,79,0,9,9,0,0,0,0,9,9,0,12,12,0
OH-506,"Akron, Barberton/Summit County CoC",Largely Suburban CoC,546,459,87,425,338,87,121,121,0,54,16,38,54,16,38,0,0,0,54,47,7,31,31,0,11,11,0,20,20,0,3,3,0,0,0,0,3,3,0,6,6,0
OH-507,Ohio Balance of State CoC,Largely Rural CoC,"3,479","2,665",814,"2,102","1,392",710,"1,377","1,273",104,330,129,201,281,103,178,49,26,23,159,126,33,163,116,47,2,0,2,161,116,45,65,62,3,0,0,0,65,62,3,95,93,2
OH-508,"Canton, Massillon, Alliance/Stark County CoC",Largely Suburban CoC,273,256,17,121,104,17,152,152,0,4,3,1,4,3,1,0,0,0,20,16,4,2,0,2,0,0,0,2,0,2,9,9,0,0,0,0,9,9,0,12,12,0
OK-500,North Central Oklahoma CoC,Largely Rural CoC,178,171,7,125,118,7,53,53,0,3,0,3,3,0,3,0,0,0,11,10,1,43,43,0,12,12,0,31,31,0,4,4,0,0,0,0,4,4,0,4,4,0
OK-501,Tulsa City & County CoC,Major City CoC,"1,188",892,296,939,675,264,249,217,32,236,120,116,225,120,105,11,0,11,94,72,22,102,56,46,2,2,0,100,54,46,26,20,6,0,0,0,26,20,6,31,20,11
OK-502,Oklahoma City CoC,Major City CoC,"1,273",889,384,"1,065",692,373,208,197,11,275,78,197,255,69,186,20,9,11,129,97,32,85,72,13,0,0,0,85,72,13,4,4,0,0,0,0,4,4,0,7,7,0
OK-503,Oklahoma Balance of State CoC,Largely Rural CoC,279,113,166,225,84,141,54,29,25,80,23,57,73,23,50,7,0,7,0,0,0,26,9,17,4,1,3,22,8,14,0,0,0,0,0,0,0,0,0,0,0,0
OK-504,Norman/Cleveland County CoC,Largely Suburban CoC,347,132,215,299,84,215,48,48,0,290,75,215,276,61,215,14,14,0,14,3,11,9,7,2,0,0,0,9,7,2,1,1,0,0,0,0,1,1,0,1,1,0
OK-505,Northeast Oklahoma CoC,Largely Rural CoC,228,157,71,123,69,54,105,88,17,28,6,22,21,3,18,7,3,4,8,4,4,26,23,3,17,16,1,9,7,2,2,1,1,0,0,0,2,1,1,2,1,1
OK-506,Southwest Oklahoma Regional CoC,Largely Rural CoC,158,136,22,90,71,19,68,65,3,9,9,0,9,9,0,0,0,0,9,4,5,4,2,2,0,0,0,4,2,2,0,0,0,0,0,0,0,0,0,0,0,0
OK-507,Southeastern Oklahoma Regional CoC,Largely Rural CoC,293,217,76,197,164,33,96,53,43,33,25,8,20,17,3,13,8,5,15,13,2,27,22,5,14,12,2,13,10,3,7,3,4,0,0,0,7,3,4,8,3,5
OR-500,"Eugene, Springfield/Lane County CoC",Other Largely Urban CoC,"2,165",532,"1,633","1,908",374,"1,534",257,158,99,841,150,691,783,125,658,58,25,33,197,52,145,145,37,108,26,12,14,119,25,94,6,5,1,0,0,0,6,5,1,7,4,3
OR-501,"Portland, Gresham/Multnomah County CoC",Major City CoC,"4,015","1,978","2,037","3,698","1,673","2,025",317,305,12,"1,781",427,"1,354","1,763",409,"1,354",18,18,0,473,243,230,268,137,131,9,9,0,259,128,131,11,9,2,0,0,0,11,9,2,14,12,2
OR-502,"Medford, Ashland/Jackson County CoC",Largely Suburban CoC,712,348,364,602,263,339,110,85,25,196,21,175,180,19,161,16,2,14,107,72,35,49,21,28,9,7,2,40,14,26,12,12,0,1,1,0,11,11,0,13,13,0
OR-503,Central Oregon CoC,Largely Rural CoC,880,266,614,637,212,425,243,54,189,160,32,128,115,18,97,45,14,31,62,13,49,72,33,39,20,9,11,52,24,28,4,4,0,0,0,0,4,4,0,5,5,0
OR-505,Oregon Balance of State CoC,Largely Rural CoC,"7,103","2,064","5,039","4,728","1,300","3,428","2,375",764,"1,611","1,603",310,"1,293","1,471",283,"1,188",132,27,105,458,142,316,"1,002",177,825,585,43,542,417,134,283,56,12,44,2,0,2,54,12,42,54,11,43
OR-506,"Hillsboro, Beaverton/Washington County CoC",Largely Suburban CoC,530,298,232,396,194,202,134,104,30,139,44,95,122,38,84,17,6,11,84,61,23,30,19,11,8,4,4,22,15,7,5,5,0,0,0,0,5,5,0,6,6,0
OR-507,Clackamas County CoC,Largely Suburban CoC,471,248,223,385,178,207,86,70,16,182,52,130,175,45,130,7,7,0,57,28,29,24,14,10,1,1,0,23,13,10,12,12,0,0,0,0,12,12,0,11,11,0
PA-500,Philadelphia CoC,Major City CoC,"5,735","4,762",973,"3,752","2,779",973,"1,983","1,983",0,"1,304",808,496,"1,264",768,496,40,40,0,250,228,22,301,221,80,15,9,6,286,212,74,138,138,0,0,0,0,138,138,0,209,209,0
PA-501,Harrisburg/Dauphin County CoC,Largely Suburban CoC,418,370,48,287,242,45,131,128,3,64,47,17,60,43,17,4,4,0,20,16,4,37,25,12,2,0,2,35,25,10,15,14,1,1,0,1,14,14,0,21,20,1
PA-502,"Upper Darby, Chester, Haverford/Delaware County CoC",Largely Suburban CoC,400,352,48,223,175,48,177,177,0,21,13,8,21,13,8,0,0,0,1,1,0,10,6,4,0,0,0,10,6,4,9,9,0,0,0,0,9,9,0,12,12,0
PA-503,"Wilkes-Barre, Hazleton/Luzerne County CoC",Largely Suburban CoC,164,157,7,97,90,7,67,67,0,2,1,1,2,1,1,0,0,0,14,14,0,17,17,0,0,0,0,17,17,0,4,4,0,0,0,0,4,4,0,7,7,0
PA-504,"Lower Merion, Norristown, Abington/Montgomery County CoC",Largely Suburban CoC,246,227,19,115,96,19,131,131,0,31,28,3,27,24,3,4,4,0,9,6,3,5,5,0,0,0,0,5,5,0,5,5,0,0,0,0,5,5,0,5,5,0
PA-505,Chester County CoC,Largely Suburban CoC,528,508,20,386,374,12,142,134,8,19,18,1,19,18,1,0,0,0,198,198,0,10,9,1,0,0,0,10,9,1,2,2,0,0,0,0,2,2,0,3,3,0
PA-506,Reading/Berks County CoC,Largely Suburban CoC,597,587,10,455,445,10,142,142,0,38,28,10,35,25,10,3,3,0,13,13,0,35,35,0,3,3,0,32,32,0,4,4,0,0,0,0,4,4,0,5,5,0
PA-508,Scranton/Lackawanna County CoC,Largely Suburban CoC,186,177,9,142,133,9,44,44,0,12,8,4,12,8,4,0,0,0,30,30,0,17,17,0,0,0,0,17,17,0,10,10,0,0,0,0,10,10,0,13,13,0
PA-509,Eastern Pennsylvania CoC,Largely Rural CoC,"1,843","1,506",337,"1,083",758,325,760,748,12,142,83,59,127,68,59,15,15,0,71,68,3,146,108,38,7,7,0,139,101,38,44,44,0,0,0,0,44,44,0,59,59,0
PA-510,Lancaster City & County CoC,Largely Suburban CoC,422,410,12,246,234,12,176,176,0,16,7,9,12,3,9,4,4,0,21,20,1,26,25,1,0,0,0,26,25,1,8,8,0,0,0,0,8,8,0,14,14,0
PA-511,"Bristol, Bensalem/Bucks County CoC",Largely Suburban CoC,359,338,21,156,135,21,203,203,0,35,32,3,30,27,3,5,5,0,6,5,1,11,9,2,1,1,0,10,8,2,8,8,0,0,0,0,8,8,0,12,12,0
PA-512,York City & County CoC,Largely Suburban CoC,321,289,32,177,147,30,144,142,2,13,10,3,13,10,3,0,0,0,5,5,0,22,19,3,4,4,0,18,15,3,3,2,1,0,0,0,3,2,1,3,2,1
PA-600,"Pittsburgh, McKeesport, Penn Hills/Allegheny County CoC",Largely Suburban CoC,774,726,48,536,488,48,238,238,0,111,89,22,102,80,22,9,9,0,100,97,3,45,38,7,0,0,0,45,38,7,7,7,0,0,0,0,7,7,0,10,10,0
PA-601,Western Pennsylvania CoC,Largely Rural CoC,727,693,34,464,433,31,263,260,3,17,16,1,17,16,1,0,0,0,88,88,0,42,38,4,6,6,0,36,32,4,15,13,2,0,0,0,15,13,2,15,14,1
PA-603,Beaver County CoC,Largely Suburban CoC,123,117,6,52,46,6,71,71,0,0,0,0,0,0,0,0,0,0,6,6,0,2,2,0,0,0,0,2,2,0,1,1,0,0,0,0,1,1,0,1,1,0
PA-605,Erie City & County CoC,Largely Suburban CoC,356,350,6,255,249,6,101,101,0,38,36,2,34,32,2,4,4,0,25,25,0,11,11,0,0,0,0,11,11,0,11,11,0,0,0,0,11,11,0,18,18,0
PR-502,Puerto Rico Balance of Commonwealth CoC,Largely Suburban CoC,"1,345",437,908,"1,202",320,882,143,117,26,363,42,321,361,40,321,2,2,0,41,4,37,30,9,21,0,0,0,30,9,21,11,11,0,0,0,0,11,11,0,16,16,0
PR-503,South-Southeast Puerto Rico CoC,Largely Suburban CoC,"1,190",198,992,"1,139",191,948,51,7,44,323,71,252,311,71,240,12,0,12,49,14,35,19,4,15,0,0,0,19,4,15,1,0,1,0,0,0,1,0,1,2,0,2
RI-500,Rhode Island Statewide CoC,Largely Suburban CoC,"1,055",984,71,730,663,67,325,321,4,198,187,11,176,165,11,22,22,0,92,89,3,26,24,2,0,0,0,26,24,2,4,4,0,0,0,0,4,4,0,3,3,0
SC-500,Charleston/Low Country CoC,Largely Suburban CoC,403,275,128,351,223,128,52,52,0,86,39,47,86,39,47,0,0,0,100,84,16,11,5,6,0,0,0,11,5,6,1,1,0,0,0,0,1,1,0,1,1,0
SC-501,"Greenville, Anderson, Spartanburg/Upstate CoC",Largely Suburban CoC,"1,401",895,506,"1,086",669,417,315,226,89,321,132,189,305,126,179,16,6,10,110,72,38,52,33,19,1,1,0,51,32,19,12,9,3,0,0,0,12,9,3,16,13,3
SC-502,Columbia/Midlands CoC,Largely Suburban CoC,"1,215",923,292,980,705,275,235,218,17,277,150,127,277,150,127,0,0,0,188,158,30,81,58,23,2,2,0,79,56,23,10,10,0,0,0,0,10,10,0,12,12,0
SC-503,"Myrtle Beach, Sumter City & County CoC",Largely Rural CoC,"1,153",362,791,901,278,623,252,84,168,258,31,227,229,26,203,29,5,24,64,29,35,72,45,27,5,4,1,67,41,26,9,4,5,0,0,0,9,4,5,10,4,6
SD-500,South Dakota Statewide CoC,Largely Rural CoC,995,761,234,725,504,221,270,257,13,100,58,42,81,39,42,19,19,0,66,55,11,66,52,14,2,2,0,64,50,14,8,8,0,0,0,0,8,8,0,13,13,0
TN-500,Chattanooga/Southeast Tennessee CoC,Largely Rural CoC,463,282,181,367,202,165,96,80,16,91,70,21,87,66,21,4,4,0,44,30,14,27,22,5,3,2,1,24,20,4,3,0,3,0,0,0,3,0,3,3,0,3
TN-501,Memphis/Shelby County CoC,Major City CoC,"1,325","1,267",58,761,703,58,564,564,0,74,59,15,74,59,15,0,0,0,172,162,10,26,25,1,3,3,0,23,22,1,10,10,0,1,1,0,9,9,0,12,12,0
TN-502,Knoxville/Knox County CoC,Largely Suburban CoC,800,605,195,726,531,195,74,74,0,176,101,75,149,74,75,27,27,0,76,68,8,64,34,30,6,3,3,58,31,27,2,2,0,0,0,0,2,2,0,1,1,0
TN-503,Central Tennessee CoC,Largely Rural CoC,357,310,47,266,219,47,91,91,0,75,51,24,49,25,24,26,26,0,50,46,4,18,15,3,0,0,0,18,15,3,2,2,0,0,0,0,2,2,0,2,2,0
TN-504,Nashville-Davidson County CoC,Major City CoC,"1,986","1,401",585,"1,802","1,219",583,184,182,2,466,226,240,458,218,240,8,8,0,249,177,72,78,52,26,5,5,0,73,47,26,3,3,0,0,0,0,3,3,0,4,4,0
TN-506,Upper Cumberland CoC,Largely Rural CoC,273,208,65,204,145,59,69,63,6,24,13,11,21,10,11,3,3,0,11,8,3,17,12,5,0,0,0,17,12,5,4,3,1,0,0,0,4,3,1,4,3,1
TN-507,Jackson/West Tennessee CoC,Largely Rural CoC,959,108,851,514,66,448,445,42,403,96,8,88,51,8,43,45,0,45,8,6,2,46,1,45,0,0,0,46,1,45,15,1,14,0,0,0,15,1,14,37,2,35
TN-509,Appalachian Regional CoC,Largely Rural CoC,405,256,149,294,156,138,111,100,11,51,16,35,51,16,35,0,0,0,40,28,12,12,11,1,0,0,0,12,11,1,5,3,2,0,0,0,5,3,2,6,4,2
TN-510,Murfreesboro/Rutherford County CoC,Largely Suburban CoC,384,222,162,327,173,154,57,49,8,41,13,28,41,13,28,0,0,0,21,10,11,17,6,11,1,0,1,16,6,10,3,0,3,0,0,0,3,0,3,3,0,3
TN-512,"Morristown/Blount, Sevier, Campbell, Cocke Counties CoC",Largely Rural CoC,515,210,305,376,105,271,139,105,34,39,12,27,39,12,27,0,0,0,8,4,4,61,7,54,31,2,29,30,5,25,3,2,1,0,0,0,3,2,1,2,1,1
TX-500,San Antonio/Bexar County CoC,Major City CoC,"2,872","1,685","1,187","2,066",887,"1,179",806,798,8,343,183,160,330,170,160,13,13,0,215,154,61,98,47,51,3,2,1,95,45,50,15,15,0,0,0,0,15,15,0,20,20,0
TX-503,Austin/Travis County CoC,Major City CoC,"2,255","1,169","1,086","1,701",628,"1,073",554,541,13,602,198,404,587,183,404,15,15,0,144,107,37,81,54,27,13,12,1,68,42,26,24,23,1,0,0,0,24,23,1,33,32,1
TX-600,"Dallas City & County, Irving CoC",Major City CoC,"4,538","3,086","1,452","3,513","2,071","1,442","1,025","1,015",10,533,407,126,515,389,126,18,18,0,431,378,53,252,187,65,60,56,4,192,131,61,33,33,0,0,0,0,33,33,0,59,59,0
TX-601,"Fort Worth, Arlington/Tarrant County CoC",Major City CoC,"2,028","1,468",560,"1,597","1,047",550,431,421,10,320,204,116,284,175,109,36,29,7,168,136,32,76,53,23,10,10,0,66,43,23,9,9,0,0,0,0,9,9,0,11,11,0
TX-603,El Paso City & County CoC,Major City CoC,809,626,183,527,344,183,282,282,0,123,86,37,111,74,37,12,12,0,67,53,14,49,42,7,0,0,0,49,42,7,19,19,0,0,0,0,19,19,0,38,38,0
TX-604,Waco/McLennan County CoC,Largely Rural CoC,193,124,69,134,65,69,59,59,0,35,13,22,33,11,22,2,2,0,16,12,4,13,10,3,0,0,0,13,10,3,2,2,0,0,0,0,2,2,0,2,2,0
TX-607,Texas Balance of State CoC,Largely Rural CoC,"8,072","3,416","4,656","6,180","1,750","4,430","1,892","1,666",226,597,169,428,570,155,415,27,14,13,324,160,164,476,146,330,85,62,23,391,84,307,41,33,8,0,0,0,41,33,8,58,47,11
TX-611,Amarillo CoC,Other Largely Urban CoC,777,446,331,627,296,331,150,150,0,270,178,92,265,173,92,5,5,0,35,24,11,48,30,18,16,14,2,32,16,16,8,8,0,0,0,0,8,8,0,9,9,0
TX-624,"Wichita Falls/Wise, Palo Pinto, Wichita, Archer Counties CoC",Largely Rural CoC,243,180,63,217,158,59,26,22,4,11,4,7,11,4,7,0,0,0,22,14,8,18,18,0,16,16,0,2,2,0,3,2,1,0,0,0,3,2,1,4,2,2
TX-700,"Houston, Pasadena, Conroe/Harris, Ft. Bend, Montgomery, Counties CoC",Major City CoC,"3,938","2,324","1,614","2,957","1,343","1,614",981,981,0,661,179,482,616,134,482,45,45,0,375,181,194,236,147,89,0,0,0,236,147,89,30,30,0,0,0,0,30,30,0,46,46,0
TX-701,"Bryan, College Station/Brazos Valley CoC",Other Largely Urban CoC,123,102,21,92,74,18,31,28,3,16,8,8,16,8,8,0,0,0,9,6,3,8,8,0,1,1,0,7,7,0,0,0,0,0,0,0,0,0,0,0,0,0
UT-500,Salt Lake City & County CoC,Largely Suburban CoC,"1,844","1,651",193,"1,318","1,125",193,526,526,0,383,297,86,367,281,86,16,16,0,157,145,12,114,95,19,3,3,0,111,92,19,13,13,0,0,0,0,13,13,0,18,18,0
UT-503,Utah Balance of State CoC,Largely Suburban CoC,793,642,151,490,342,148,303,300,3,104,58,46,104,58,46,0,0,0,45,37,8,40,30,10,7,7,0,33,23,10,6,6,0,0,0,0,6,6,0,10,10,0
UT-504,Provo/Mountainland CoC,Largely Suburban CoC,161,97,64,113,49,64,48,48,0,25,9,16,22,6,16,3,3,0,9,2,7,9,5,4,0,0,0,9,5,4,0,0,0,0,0,0,0,0,0,0,0,0
VA-500,"Richmond/Henrico, Chesterfield, Hanover Counties CoC",Largely Suburban CoC,497,327,170,382,217,165,115,110,5,83,57,26,74,48,26,9,9,0,79,59,20,14,8,6,0,0,0,14,8,6,6,6,0,0,0,0,6,6,0,6,6,0
VA-501,"Norfolk, Chesapeake, Suffolk/Isle of Wight, Southampton Counties CoC",Largely Suburban CoC,700,614,86,493,409,84,207,205,2,77,60,17,77,60,17,0,0,0,66,57,9,31,25,6,0,0,0,31,25,6,11,11,0,0,0,0,11,11,0,13,13,0
VA-502,"Roanoke City & County, Salem CoC",Largely Suburban CoC,319,304,15,244,229,15,75,75,0,62,60,2,56,54,2,6,6,0,41,36,5,13,13,0,0,0,0,13,13,0,2,2,0,0,0,0,2,2,0,3,3,0
VA-503,Virginia Beach CoC,Major City CoC,260,206,54,190,136,54,70,70,0,38,32,6,38,32,6,0,0,0,36,31,5,23,17,6,9,9,0,14,8,6,1,1,0,0,0,0,1,1,0,2,2,0
VA-504,Charlottesville CoC,Largely Rural CoC,165,139,26,143,117,26,22,22,0,35,21,14,30,16,14,5,5,0,15,7,8,9,7,2,0,0,0,9,7,2,0,0,0,0,0,0,0,0,0,0,0,0
VA-505,"Newport News, Hampton/Virginia Peninsula CoC",Other Largely Urban CoC,427,375,52,304,252,52,123,123,0,53,41,12,53,41,12,0,0,0,59,54,5,14,11,3,0,0,0,14,11,3,3,3,0,0,0,0,3,3,0,5,5,0
VA-507,Portsmouth CoC,Other Largely Urban CoC,119,108,11,80,69,11,39,39,0,8,5,3,8,5,3,0,0,0,15,14,1,0,0,0,0,0,0,0,0,0,3,3,0,0,0,0,3,3,0,5,5,0
VA-508,Lynchburg CoC,Largely Rural CoC,78,64,14,54,40,14,24,24,0,5,1,4,5,1,4,0,0,0,5,5,0,5,4,1,0,0,0,5,4,1,0,0,0,0,0,0,0,0,0,0,0,0
VA-513,"Harrisburg, Winchester/Western Virginia CoC",Largely Rural CoC,342,314,28,233,205,28,109,109,0,54,47,7,41,34,7,13,13,0,15,14,1,11,11,0,0,0,0,11,11,0,0,0,0,0,0,0,0,0,0,0,0,0
VA-514,"Fredericksburg/Spotsylvania, Stafford Counties CoC",Largely Suburban CoC,221,185,36,132,96,36,89,89,0,30,16,14,30,16,14,0,0,0,13,8,5,12,9,3,0,0,0,12,9,3,3,3,0,0,0,0,3,3,0,6,6,0
VA-521,Virginia Balance of State CoC,Largely Rural CoC,761,637,124,389,289,100,372,348,24,24,14,10,24,14,10,0,0,0,30,19,11,35,29,6,0,0,0,35,29,6,11,10,1,0,0,0,11,10,1,14,13,1
VA-600,Arlington County CoC,Other Largely Urban CoC,215,179,36,149,113,36,66,66,0,74,42,32,74,42,32,0,0,0,10,7,3,6,5,1,0,0,0,6,5,1,4,4,0,0,0,0,4,4,0,4,4,0
VA-601,Fairfax County CoC,Largely Suburban CoC,"1,034",945,89,508,419,89,526,526,0,235,179,56,213,157,56,22,22,0,42,29,13,49,48,1,1,1,0,48,47,1,22,22,0,0,0,0,22,22,0,31,31,0
VA-602,Loudoun County CoC,Largely Suburban CoC,167,96,71,124,53,71,43,43,0,41,19,22,37,15,22,4,4,0,4,2,2,26,9,17,0,0,0,26,9,17,2,2,0,0,0,0,2,2,0,2,2,0
VA-603,Alexandria CoC,Other Largely Urban CoC,198,188,10,124,114,10,74,74,0,38,30,8,38,30,8,0,0,0,7,7,0,5,5,0,0,0,0,5,5,0,4,4,0,0,0,0,4,4,0,7,7,0
VA-604,Prince William County CoC,Largely Suburban CoC,280,243,37,117,80,37,163,163,0,24,20,4,19,15,4,5,5,0,10,6,4,5,3,2,0,0,0,5,3,2,2,2,0,0,0,0,2,2,0,4,4,0
VI-500,Virgin Islands CoC,Largely Rural CoC,314,82,232,314,82,232,0,0,0,105,0,105,105,0,105,0,0,0,13,0,13,6,0,6,0,0,0,6,0,6,0,0,0,0,0,0,0,0,0,0,0,0
VT-500,Vermont Balance of State CoC,Largely Rural CoC,780,714,66,453,389,64,327,325,2,116,95,21,105,86,19,11,9,2,70,64,6,68,57,11,6,6,0,62,51,11,22,21,1,0,0,0,22,21,1,27,26,1
VT-501,Burlington/Chittenden County CoC,Other Largely Urban CoC,309,261,48,228,180,48,81,81,0,74,62,12,58,46,12,16,16,0,17,14,3,37,37,0,0,0,0,37,37,0,5,5,0,0,0,0,5,5,0,8,8,0
WA-500,Seattle/King County CoC,Major City CoC,"11,199","5,971","5,228","8,748","3,583","5,165","2,451","2,388",63,"2,213","1,313",900,"2,034","1,143",891,179,170,9,830,365,465,"1,089",353,736,82,27,55,"1,007",326,681,83,79,4,0,0,0,83,79,4,105,99,6
WA-501,Washington Balance of State CoC,Largely Rural CoC,"5,509","3,210","2,299","3,834","1,789","2,045","1,675","1,421",254,"1,414",249,"1,165","1,299",226,"1,073",115,23,92,433,282,151,432,267,165,78,65,13,354,202,152,57,56,1,0,0,0,57,56,1,71,70,1
WA-502,Spokane City & County CoC,Other Largely Urban CoC,"1,309",994,315,"1,007",711,296,302,283,19,257,167,90,231,147,84,26,20,6,85,66,19,98,64,34,16,15,1,82,49,33,11,11,0,3,3,0,8,8,0,15,15,0
WA-503,"Tacoma, Lakewood/Pierce County CoC",Largely Suburban CoC,"1,486",857,629,"1,111",520,591,375,337,38,364,164,200,325,140,185,39,24,15,124,57,67,143,81,62,16,12,4,127,69,58,10,8,2,0,0,0,10,8,2,14,10,4
WA-504,Everett/Snohomish County CoC,Largely Suburban CoC,"1,116",517,599,779,272,507,337,245,92,476,118,358,405,87,318,71,31,40,58,23,35,101,42,59,31,20,11,70,22,48,9,4,5,2,2,0,7,2,5,13,8,5
WA-508,Vancouver/Clark County CoC,Largely Suburban CoC,958,471,487,506,220,286,452,251,201,160,62,98,152,54,98,8,8,0,55,25,30,48,17,31,15,6,9,33,11,22,8,8,0,0,0,0,8,8,0,7,7,0
WI-500,Wisconsin Balance of State CoC,Largely Rural CoC,"2,875","2,781",94,"1,418","1,329",89,"1,457","1,452",5,340,321,19,254,235,19,86,86,0,195,182,13,124,117,7,3,3,0,121,114,7,41,41,0,0,0,0,41,41,0,68,68,0
WI-501,Milwaukee City & County CoC,Major City CoC,885,771,114,625,519,106,260,252,8,73,33,40,73,33,40,0,0,0,89,83,6,55,51,4,19,19,0,36,32,4,11,10,1,0,0,0,11,10,1,17,16,1
WI-502,Racine City & County CoC,Largely Suburban CoC,200,188,12,148,136,12,52,52,0,15,11,4,10,6,4,5,5,0,37,36,1,3,3,0,0,0,0,3,3,0,3,3,0,0,0,0,3,3,0,2,2,0
WI-503,Madison/Dane County CoC,Other Largely Urban CoC,578,503,75,354,279,75,224,224,0,105,74,31,89,58,31,16,16,0,38,33,5,18,16,2,0,0,0,18,16,2,18,18,0,0,0,0,18,18,0,28,28,0
WV-500,"Wheeling, Weirton Area CoC",Largely Rural CoC,136,127,9,102,93,9,34,34,0,13,12,1,13,12,1,0,0,0,5,5,0,10,9,1,0,0,0,10,9,1,3,3,0,0,0,0,3,3,0,3,3,0
WV-501,"Huntington/Cabell, Wayne Counties CoC",Largely Rural CoC,171,122,49,157,108,49,14,14,0,10,3,7,10,3,7,0,0,0,19,15,4,13,13,0,0,0,0,13,13,0,3,3,0,0,0,0,3,3,0,3,3,0
WV-503,"Charleston/Kanawha, Putnam, Boone, Clay Counties CoC",Largely Suburban CoC,293,291,2,236,234,2,57,57,0,50,49,1,50,49,1,0,0,0,18,18,0,20,20,0,9,9,0,11,11,0,0,0,0,0,0,0,0,0,0,0,0,0
WV-508,West Virginia Balance of State CoC,Largely Rural CoC,797,609,188,654,484,170,143,125,18,88,39,49,79,36,43,9,3,6,95,75,20,46,32,14,1,0,1,45,32,13,5,3,2,1,0,1,4,3,1,5,3,2
WY-500,Wyoming Statewide CoC,Largely Rural CoC,548,423,125,437,329,108,111,94,17,67,23,44,64,23,41,3,0,3,51,43,8,81,64,17,16,12,4,65,52,13,4,4,0,0,0,0,4,4,0,4,4,0