coc_number,coc_name,unshelteredhomeless,unsheltered*1.4,sheltered,sheltered*.5,total,real_total,hospitalizations_15,critical_care_15,fatalities_15,hospitalizations_20,critical_care_20,fatalities_20,Density Reduction Need,Total New Units Required, Cost of New Capacity , Cost of Quarantine Units , Total Additional Cost 
,"United States, nationwide",211293,295810,197598,98891,394628,493408,21298,7146,3461,25356,10244,4948,"98,799","394,609"," $9,865,230,000 "," $1,480,224,600 "," $11,345,454,600 "
AK-500,Anchorage CoC,97,136,702,351,487,838,36,12,6,43,17,8,351,487," $12,170,000 "," $2,513,400 "," $14,683,400 "
AK-501,Alaska Balance of State CoC,176,246,416,208,454,662,29,10,5,34,14,7,208,454," $11,360,000 "," $1,987,200 "," $13,347,200 "
AL-500,"Birmingham/Jefferson, St. Clair, Shelby Counties CoC",326,456,466,233,689,922,40,13,6,47,19,9,233,689," $17,235,000 "," $2,767,200 "," $20,002,200 "
AL-501,Mobile City & County/Baldwin County CoC,202,283,150,75,358,433,19,6,3,22,9,4,75,358," $8,945,000 "," $1,298,400 "," $10,243,400 "
AL-502,Florence/Northwest Alabama CoC,201,281,182,91,372,463,20,7,3,24,10,5,91,372," $9,310,000 "," $1,390,200 "," $10,700,200 "
AL-503,Huntsville/North Alabama CoC,87,122,253,127,248,375,16,5,3,19,8,4,127,248," $6,207,500 "," $1,124,400 "," $7,331,900 "
AL-504,Montgomery City & County CoC,57,80,171,86,165,251,11,4,2,13,5,3,86,165," $4,132,500 "," $752,400 "," $4,884,900 "
AL-505,Gadsden/Northeast Alabama CoC,149,209,62,31,240,271,12,4,2,14,6,3,31,240," $5,990,000 "," $811,800 "," $6,801,800 "
AL-506,Tuscaloosa City & County CoC,0,0,27,14,14,27,1,0,0,1,1,0,14,14," $337,500 "," $81,000 "," $418,500 "
AL-507,Alabama Balance of State CoC,169,237,89,45,281,326,14,5,2,17,7,3,45,281," $7,027,500 "," $976,800 "," $8,004,300 "
AR-500,Little Rock/Central Arkansas CoC,573,802,355,178,980,1157,50,17,8,59,24,12,178,980," $24,492,500 "," $3,471,600 "," $27,964,100 "
AR-501,Fayetteville/Northwest Arkansas CoC,237,332,223,112,443,555,24,8,4,29,12,6,112,443," $11,082,500 "," $1,664,400 "," $12,746,900 "
AR-503,Arkansas  Balance of State  CoC,545,763,232,116,879,995,43,14,7,51,21,10,116,879," $21,975,000 "," $2,985,000 "," $24,960,000 "
AR-505,Southeast Arkansas CoC,0,0,35,18,18,35,2,1,0,2,1,0,18,18," $437,500 "," $105,000 "," $542,500 "
AR-508,Fort Smith CoC,60,84,127,64,148,211,9,3,1,11,4,2,64,148," $3,687,500 "," $633,000 "," $4,320,500 "
AZ-500,Arizona Balance of State CoC,983,1376,682,341,1717,2058,89,30,14,106,43,21,341,"1,717"," $42,930,000 "," $6,174,600 "," $49,104,600 "
AZ-501,Tucson/Pima County CoC,361,505,639,320,825,1144,49,17,8,59,24,11,320,825," $20,622,500 "," $3,433,200 "," $24,055,700 "
AZ-502,"Phoenix, Mesa/Maricopa County CoC",3188,4463,1718,859,5322,6181,267,90,43,318,128,62,859,"5,322"," $133,055,000 "," $18,543,600 "," $151,598,600 "
CA-500,San Jose/Santa Clara City & County CoC,7922,11091,1089,545,11635,12180,526,176,85,626,253,122,545,"11,635"," $290,882,500 "," $36,539,400 "," $327,421,900 "
CA-501,San Francisco CoC,5180,7252,2232,1116,8368,9484,409,137,66,487,197,95,"1,116","8,368"," $209,200,000 "," $28,452,000 "," $237,652,000 "
CA-502,"Oakland, Berkeley/Alameda County CoC",6312,8837,1185,593,9429,10022,433,145,70,515,208,100,593,"9,429"," $235,732,500 "," $30,065,400 "," $265,797,900 "
CA-503,Sacramento City & County CoC,3900,5460,1096,548,6008,6556,283,95,46,337,136,66,548,"6,008"," $150,200,000 "," $19,668,000 "," $169,868,000 "
CA-504,"Santa Rosa, Petaluma/Sonoma County CoC",1957,2740,741,371,3110,3481,150,50,24,179,72,35,371,"3,110"," $77,757,500 "," $10,442,400 "," $88,199,900 "
CA-505,Richmond/Contra Costa County CoC,1627,2278,477,239,2516,2755,119,40,19,142,57,28,239,"2,516"," $62,907,500 "," $8,264,400 "," $71,171,900 "
CA-506,"Salinas/Monterey, San Benito Counties CoC",1998,2797,342,171,2968,3139,135,45,22,161,65,31,171,"2,968"," $74,205,000 "," $9,417,600 "," $83,622,600 "
CA-507,Marin County CoC,708,991,196,98,1089,1187,51,17,8,61,25,12,98,"1,089"," $27,230,000 "," $3,561,600 "," $30,791,600 "
CA-508,Watsonville/Santa Cruz City & County CoC,1700,2380,271,136,2516,2651,114,38,19,136,55,27,136,"2,516"," $62,887,500 "," $7,953,000 "," $70,840,500 "
CA-509,Mendocino County CoC,538,753,152,76,829,905,39,13,6,47,19,9,76,829," $20,730,000 "," $2,715,600 "," $23,445,600 "
CA-510,"Turlock, Modesto/Stanislaus County CoC",1088,1523,499,250,1773,2022,87,29,14,104,42,20,250,"1,773"," $44,317,500 "," $6,066,600 "," $50,384,100 "
CA-511,Stockton/San Joaquin County CoC,1558,2181,554,277,2458,2735,118,40,19,141,57,27,277,"2,458"," $61,455,000 "," $8,205,600 "," $69,660,600 "
CA-512,Daly/San Mateo County CoC,901,1261,272,136,1397,1533,66,22,11,79,32,15,136,"1,397"," $34,935,000 "," $4,600,200 "," $39,535,200 "
CA-513,"Visalia/Kings, Tulare Counties CoC",775,1085,188,94,1179,1273,55,18,9,65,26,13,94,"1,179"," $29,475,000 "," $3,819,000 "," $33,294,000 "
CA-514,Fresno City & County/Madera County CoC,2069,2897,214,107,3004,3111,134,45,22,160,65,31,107,"3,004"," $75,090,000 "," $9,331,800 "," $84,421,800 "
CA-515,"Roseville, Rocklin/Placer County CoC",296,414,202,101,515,616,27,9,4,32,13,6,101,515," $12,885,000 "," $1,849,200 "," $14,734,200 "
CA-516,"Redding/Shasta, Siskiyou, Lassen, Plumas, Del Norte, Modoc, Sierra Counties CoC",806,1128,363,182,1310,1491,64,22,10,77,31,15,182,"1,310"," $32,747,500 "," $4,474,200 "," $37,221,700 "
CA-517,Napa City & County CoC,150,210,125,63,273,335,14,5,2,17,7,3,63,273," $6,812,500 "," $1,005,000 "," $7,817,500 "
CA-518,Vallejo/Solano County CoC,932,1305,148,74,1379,1453,63,21,10,75,30,15,74,"1,379"," $34,470,000 "," $4,358,400 "," $38,828,400 "
CA-519,"Chico, Paradise/Butte County CoC",838,1173,247,124,1297,1420,61,21,10,73,29,14,124,"1,297"," $32,417,500 "," $4,260,600 "," $36,678,100 "
CA-520,Merced City & County CoC,288,403,144,72,475,547,24,8,4,28,11,5,72,475," $11,880,000 "," $1,641,600 "," $13,521,600 "
CA-521,"Davis, Woodland/Yolo County CoC",397,556,124,62,618,680,29,10,5,35,14,7,62,618," $15,445,000 "," $2,039,400 "," $17,484,400 "
CA-522,Humboldt County CoC,1402,1963,190,95,2058,2153,93,31,15,111,45,22,95,"2,058"," $51,445,000 "," $6,458,400 "," $57,903,400 "
CA-523,"Colusa, Glenn, Trinity Counties CoC",150,210,3,2,212,213,9,3,1,11,4,2,2,212," $5,287,500 "," $639,000 "," $5,926,500 "
CA-524,Yuba City & County/Sutter County CoC,519,727,105,53,779,832,36,12,6,43,17,8,53,779," $19,477,500 "," $2,494,800 "," $21,972,300 "
CA-525,El Dorado County CoC,480,672,114,57,729,786,34,11,6,40,16,8,57,729," $18,225,000 "," $2,358,000 "," $20,583,000 "
CA-526,"Amador, Calaveras, Mariposa, Tuolumne Counties CoC",687,962,56,28,990,1018,44,15,7,52,21,10,28,990," $24,745,000 "," $3,053,400 "," $27,798,400 "
CA-527,Tehama County CoC,215,301,43,22,323,344,15,5,2,18,7,3,22,323," $8,062,500 "," $1,032,000 "," $9,094,500 "
CA-529,Lake County CoC,382,535,10,5,540,545,24,8,4,28,11,5,5,540," $13,495,000 "," $1,634,400 "," $15,129,400 "
CA-530,"Alpine, Inyo, Mono Counties CoC",197,276,9,5,280,285,12,4,2,15,6,3,5,280," $7,007,500 "," $854,400 "," $7,861,900 "
CA-531,Nevada County CoC,251,351,119,60,411,470,20,7,3,24,10,5,60,411," $10,272,500 "," $1,411,200 "," $11,683,700 "
CA-600,Los Angeles City & County CoC,42471,59459,6851,3426,62885,66310,2862,960,464,3408,1376,664,"3,426","62,885"," $1,572,122,500 "," $198,931,200 "," $1,771,053,700 "
CA-601,San Diego City and County CoC,4476,6266,2361,1181,7447,8627,372,125,60,443,179,86,"1,181","7,447"," $186,172,500 "," $25,882,200 "," $212,054,700 "
CA-602,"Santa Ana, Anaheim/Orange County CoC",3961,5545,1745,873,6418,7290,315,106,51,375,151,73,873,"6,418"," $160,447,500 "," $21,871,200 "," $182,318,700 "
CA-603,Santa Maria/Santa Barbara County CoC,1133,1586,344,172,1758,1930,83,28,14,99,40,19,172,"1,758"," $43,955,000 "," $5,790,600 "," $49,745,600 "
CA-604,Bakersfield/Kern County CoC,805,1127,348,174,1301,1475,64,21,10,76,31,15,174,"1,301"," $32,525,000 "," $4,425,000 "," $36,950,000 "
CA-606,Long Beach CoC,1275,1785,471,236,2021,2256,97,33,16,116,47,23,236,"2,021"," $50,512,500 "," $6,768,000 "," $57,280,500 "
CA-607,Pasadena CoC,321,449,144,72,521,593,26,9,4,30,12,6,72,521," $13,035,000 "," $1,780,200 "," $14,815,200 "
CA-608,Riverside City & County CoC,2045,2863,490,245,3108,3353,145,49,23,172,70,34,245,"3,108"," $77,700,000 "," $10,059,000 "," $87,759,000 "
CA-609,San Bernardino City & County CoC,1920,2688,269,135,2823,2957,128,43,21,152,61,30,135,"2,823"," $70,562,500 "," $8,871,000 "," $79,433,500 "
CA-611,"Oxnard, San Buenaventura/Ventura County CoC",1258,1761,221,111,1872,1982,86,29,14,102,41,20,111,"1,872"," $46,792,500 "," $5,946,600 "," $52,739,100 "
CA-612,Glendale CoC,147,206,30,15,221,236,10,3,2,12,5,2,15,221," $5,520,000 "," $707,400 "," $6,227,400 "
CA-613,Imperial County CoC,1225,1715,96,48,1763,1811,78,26,13,93,38,18,48,"1,763"," $44,075,000 "," $5,433,000 "," $49,508,000 "
CA-614,San Luis Obispo County CoC,1172,1641,173,87,1727,1814,78,26,13,93,38,18,87,"1,727"," $43,182,500 "," $5,441,400 "," $48,623,900 "
CO-500,Colorado Balance of State CoC,798,1117,1085,543,1660,2202,95,32,15,113,46,22,543,"1,660"," $41,492,500 "," $6,606,600 "," $48,099,100 "
CO-503,Metropolitan Denver CoC,946,1324,3390,1695,3019,4714,203,68,33,242,98,47,"1,695","3,019"," $75,485,000 "," $14,143,200 "," $89,628,200 "
CO-504,Colorado Springs/El Paso County CoC,444,622,718,359,981,1340,58,19,9,69,28,13,359,981," $24,515,000 "," $4,018,800 "," $28,533,800 "
CT-503,"Bridgeport, Stamford, Norwalk, Danbury/Fairfield County CoC",98,137,378,189,326,515,22,7,4,26,11,5,189,326," $8,155,000 "," $1,545,600 "," $9,700,600 "
CT-505,Connecticut Balance of State CoC,358,501,1265,633,1134,1766,76,26,12,91,37,18,633,"1,134"," $28,342,500 "," $5,298,600 "," $33,641,100 "
DC-500,District of Columbia CoC,608,851,3267,1634,2485,4118,178,60,29,212,85,41,"1,634","2,485"," $62,117,500 "," $12,354,600 "," $74,472,100 "
DE-500,Delaware Statewide CoC,95,133,489,245,378,622,27,9,4,32,13,6,245,378," $9,437,500 "," $1,866,000 "," $11,303,500 "
FL-500,"Sarasota, Bradenton/Manatee, Sarasota Counties CoC",400,560,584,292,852,1144,49,17,8,59,24,11,292,852," $21,300,000 "," $3,432,000 "," $24,732,000 "
FL-501,Tampa/Hillsborough County CoC,672,941,508,254,1195,1449,63,21,10,74,30,15,254,"1,195"," $29,870,000 "," $4,346,400 "," $34,216,400 "
FL-502,"St. Petersburg, Clearwater, Largo/Pinellas County CoC",834,1168,1133,567,1734,2301,99,33,16,118,48,23,567,"1,734"," $43,352,500 "," $6,901,800 "," $50,254,300 "
FL-503,"Lakeland, Winterhaven/Polk County CoC",114,160,260,130,290,420,18,6,3,22,9,4,130,290," $7,240,000 "," $1,258,800 "," $8,498,800 "
FL-504,"Deltona, Daytona Beach/Volusia, Flagler Counties CoC",507,710,89,45,754,799,34,12,6,41,17,8,45,754," $18,857,500 "," $2,396,400 "," $21,253,900 "
FL-505,"Fort Walton Beach/Okaloosa, Walton Counties CoC",234,328,114,57,385,442,19,6,3,23,9,4,57,385," $9,615,000 "," $1,324,800 "," $10,939,800 "
FL-506,Tallahassee/Leon County CoC,91,127,669,335,462,796,34,12,6,41,17,8,335,462," $11,547,500 "," $2,389,200 "," $13,936,700 "
FL-507,"Orlando/Orange, Osceola, Seminole Counties CoC",336,470,932,466,936,1402,61,20,10,72,29,14,466,936," $23,410,000 "," $4,207,200 "," $27,617,200 "
FL-508,"Gainesville/Alachua, Putnam Counties CoC",498,697,198,99,796,895,39,13,6,46,19,9,99,796," $19,905,000 "," $2,685,600 "," $22,590,600 "
FL-509,"Fort Pierce/St. Lucie, Indian River, Martin Counties CoC",1345,1883,52,26,1909,1935,84,28,14,99,40,19,26,"1,909"," $47,725,000 "," $5,805,000 "," $53,530,000 "
FL-510,"Jacksonville-Duval, Clay Counties CoC",508,711,857,429,1140,1568,68,23,11,81,33,16,429,"1,140"," $28,492,500 "," $4,704,600 "," $33,197,100 "
FL-511,"Pensacola/Escambia, Santa Rosa Counties CoC",177,248,304,152,400,552,24,8,4,28,11,6,152,400," $9,995,000 "," $1,655,400 "," $11,650,400 "
FL-512,St. Johns County CoC,200,280,52,26,306,332,14,5,2,17,7,3,26,306," $7,650,000 "," $996,000 "," $8,646,000 "
FL-513,"Palm Bay, Melbourne/Brevard County CoC",397,556,230,115,671,786,34,11,6,40,16,8,115,671," $16,770,000 "," $2,357,400 "," $19,127,400 "
FL-514,Ocala/Marion County CoC,179,251,188,94,345,439,19,6,3,23,9,4,94,345," $8,615,000 "," $1,315,800 "," $9,930,800 "
FL-515,"Panama City/Bay, Jackson Counties CoC",355,497,116,58,555,613,26,9,4,32,13,6,58,555," $13,875,000 "," $1,839,000 "," $15,714,000 "
FL-517,"Hendry, Hardee, Highlands Counties CoC",350,490,0,0,490,490,21,7,3,25,10,5,0,490," $12,250,000 "," $1,470,000 "," $13,720,000 "
FL-518,"Columbia, Hamilton, Lafayette, Suwannee Counties CoC",425,595,58,29,624,653,28,9,5,34,14,7,29,624," $15,600,000 "," $1,959,000 "," $17,559,000 "
FL-519,Pasco County CoC,688,963,74,37,1000,1037,45,15,7,53,22,10,37,"1,000"," $25,005,000 "," $3,111,600 "," $28,116,600 "
FL-520,"Citrus, Hernando, Lake, Sumter Counties CoC",331,463,184,92,555,647,28,9,5,33,13,6,92,555," $13,885,000 "," $1,942,200 "," $15,827,200 "
FL-600,Miami-Dade County CoC,1008,1411,1267,634,2045,2678,116,39,19,138,56,27,634,"2,045"," $51,117,500 "," $8,034,600 "," $59,152,100 "
FL-601,Ft Lauderdale/Broward County CoC,1350,1890,986,493,2383,2876,124,42,20,148,60,29,493,"2,383"," $59,575,000 "," $8,628,000 "," $68,203,000 "
FL-602,Punta Gorda/Charlotte County CoC,67,94,64,32,126,158,7,2,1,8,3,2,32,126," $3,145,000 "," $473,400 "," $3,618,400 "
FL-603,"Ft Myers, Cape Coral/Lee County CoC",162,227,129,65,291,356,15,5,2,18,7,4,65,291," $7,282,500 "," $1,067,400 "," $8,349,900 "
FL-604,Monroe County CoC,209,293,267,134,426,560,24,8,4,29,12,6,134,426," $10,652,500 "," $1,678,800 "," $12,331,300 "
FL-605,West Palm Beach/Palm Beach County CoC,940,1316,210,105,1421,1526,66,22,11,78,32,15,105,"1,421"," $35,525,000 "," $4,578,000 "," $40,103,000 "
FL-606,Naples/Collier County CoC,99,139,254,127,266,393,17,6,3,20,8,4,127,266," $6,640,000 "," $1,177,800 "," $7,817,800 "
GA-500,Atlanta CoC,719,1007,2001,1001,2007,3008,130,44,21,155,62,30,"1,001","2,007"," $50,177,500 "," $9,022,800 "," $59,200,300 "
GA-501,Georgia Balance of State CoC,2262,3167,799,400,3566,3966,171,57,28,204,82,40,400,"3,566"," $89,157,500 "," $11,897,400 "," $101,054,900 "
GA-502,Fulton County CoC,76,106,330,165,271,436,19,6,3,22,9,4,165,271," $6,785,000 "," $1,309,200 "," $8,094,200 "
GA-503,Athens-Clarke County CoC,55,77,106,53,130,183,8,3,1,9,4,2,53,130," $3,250,000 "," $549,000 "," $3,799,000 "
GA-504,Augusta-Richmond County CoC,161,225,167,84,309,392,17,6,3,20,8,4,84,309," $7,722,500 "," $1,177,200 "," $8,899,700 "
GA-505,Columbus-Muscogee CoC,52,73,165,83,155,238,10,3,2,12,5,2,83,155," $3,882,500 "," $713,400 "," $4,595,900 "
GA-506,Marietta/Cobb County CoC,127,178,190,95,273,368,16,5,3,19,8,4,95,273," $6,820,000 "," $1,103,400 "," $7,923,400 "
GA-507,Savannah/Chatham County CoC,231,323,347,174,497,670,29,10,5,34,14,7,174,497," $12,422,500 "," $2,011,200 "," $14,433,700 "
GA-508,DeKalb County CoC,197,276,64,32,308,340,15,5,2,17,7,3,32,308," $7,695,000 "," $1,019,400 "," $8,714,400 "
GU-500,Guam CoC,764,1070,28,14,1084,1098,47,16,8,56,23,11,14,"1,084"," $27,090,000 "," $3,292,800 "," $30,382,800 "
HI-500,Hawaii Balance of State CoC,1237,1732,251,126,1857,1983,86,29,14,102,41,20,126,"1,857"," $46,432,500 "," $5,948,400 "," $52,380,900 "
HI-501,Honolulu City and County CoC,2403,3364,983,492,3856,4347,188,63,30,223,90,44,492,"3,856"," $96,392,500 "," $13,041,600 "," $109,434,100 "
IA-500,"Sioux City/Dakota, Woodbury Counties CoC",7,10,155,78,87,165,7,2,1,8,3,2,78,87," $2,182,500 "," $494,400 "," $2,676,900 "
IA-501,Iowa Balance of State CoC,89,125,762,381,506,887,38,13,6,46,18,9,381,506," $12,640,000 "," $2,659,800 "," $15,299,800 "
IA-502,Des Moines/Polk County CoC,92,129,452,226,355,581,25,8,4,30,12,6,226,355," $8,870,000 "," $1,742,400 "," $10,612,400 "
ID-500,Boise/Ada County CoC,61,85,507,254,339,592,26,9,4,30,12,6,254,339," $8,472,500 "," $1,777,200 "," $10,249,700 "
ID-501,Idaho Balance of State CoC,924,1294,324,162,1456,1618,70,23,11,83,34,16,162,"1,456"," $36,390,000 "," $4,852,800 "," $41,242,800 "
IL-500,McHenry County CoC,1,1,92,46,47,93,4,1,1,5,2,1,46,47," $1,185,000 "," $280,200 "," $1,465,200 "
IL-501,"Rockford/DeKalb, Winnebago, Boone Counties CoC",45,63,212,106,169,275,12,4,2,14,6,3,106,169," $4,225,000 "," $825,000 "," $5,050,000 "
IL-502,"Waukegan, North Chicago/Lake County CoC",32,45,125,63,107,170,7,2,1,9,4,2,63,107," $2,682,500 "," $509,400 "," $3,191,900 "
IL-503,"Champaign, Urbana, Rantoul/Champaign County CoC",2,3,79,40,42,82,4,1,1,4,2,1,40,42," $1,057,500 "," $245,400 "," $1,302,900 "
IL-504,Madison County CoC,32,45,37,19,63,82,4,1,1,4,2,1,19,63," $1,582,500 "," $245,400 "," $1,827,900 "
IL-506,"Joliet, Bolingbrook/Will County CoC",43,60,138,69,129,198,9,3,1,10,4,2,69,129," $3,230,000 "," $594,600 "," $3,824,600 "
IL-507,"Peoria, Pekin/Fulton, Tazewell, Peoria, Woodford Counties CoC",15,21,192,96,117,213,9,3,1,11,4,2,96,117," $2,925,000 "," $639,000 "," $3,564,000 "
IL-508,"East St. Louis, Belleville/St. Clair County CoC",94,132,55,28,159,187,8,3,1,10,4,2,28,159," $3,977,500 "," $559,800 "," $4,537,300 "
IL-510,Chicago CoC,1260,1764,2024,1012,2776,3788,163,55,27,195,79,38,"1,012","2,776"," $69,400,000 "," $11,364,000 "," $80,764,000 "
IL-511,Cook County CoC,105,147,447,224,371,594,26,9,4,31,12,6,224,371," $9,262,500 "," $1,782,000 "," $11,044,500 "
IL-512,Bloomington/Central Illinois CoC,61,85,168,84,169,253,11,4,2,13,5,3,84,169," $4,235,000 "," $760,200 "," $4,995,200 "
IL-513,Springfield/Sangamon County CoC,25,35,179,90,125,214,9,3,1,11,4,2,90,125," $3,112,500 "," $642,000 "," $3,754,500 "
IL-514,DuPage County CoC,10,14,175,88,102,189,8,3,1,10,4,2,88,102," $2,537,500 "," $567,000 "," $3,104,500 "
IL-515,South Central Illinois CoC,35,49,32,16,65,81,3,1,1,4,2,1,16,65," $1,625,000 "," $243,000 "," $1,868,000 "
IL-516,Decatur/Macon County CoC,11,15,108,54,69,123,5,2,1,6,3,1,54,69," $1,735,000 "," $370,200 "," $2,105,200 "
IL-517,"Aurora, Elgin/Kane County CoC",45,63,290,145,208,353,15,5,2,18,7,4,145,208," $5,200,000 "," $1,059,000 "," $6,259,000 "
IL-518,"Rock Island, Moline/Northwestern Illinois CoC",16,22,127,64,86,149,6,2,1,8,3,1,64,86," $2,147,500 "," $448,200 "," $2,595,700 "
IL-519,West Central Illinois CoC,2,3,34,17,20,37,2,1,0,2,1,0,17,20," $495,000 "," $110,400 "," $605,400 "
IL-520,Southern Illinois CoC,55,77,134,67,144,211,9,3,1,11,4,2,67,144," $3,600,000 "," $633,000 "," $4,233,000 "
IN-502,Indiana Balance of State CoC,537,752,2095,1048,1799,2847,123,41,20,146,59,29,"1,048","1,799"," $44,982,500 "," $8,540,400 "," $53,522,900 "
IN-503,Indianapolis CoC,105,147,1032,516,663,1179,51,17,8,61,24,12,516,663," $16,575,000 "," $3,537,000 "," $20,112,000 "
KS-502,Wichita/Sedgwick County CoC,57,80,369,185,264,449,19,7,3,23,9,4,185,264," $6,607,500 "," $1,346,400 "," $7,953,900 "
KS-503,Topeka/Shawnee County CoC,68,95,264,132,227,359,15,5,3,18,7,4,132,227," $5,680,000 "," $1,077,600 "," $6,757,600 "
KS-505,"Overland Park, Shawnee/Johnson County CoC",39,55,70,35,90,125,5,2,1,6,3,1,35,90," $2,240,000 "," $373,800 "," $2,613,800 "
KS-507,Kansas Balance of State CoC,234,328,558,279,607,886,38,13,6,46,18,9,279,607," $15,165,000 "," $2,656,800 "," $17,821,800 "
KY-500,Kentucky Balance of State CoC,650,910,996,498,1408,1906,82,28,13,98,40,19,498,"1,408"," $35,200,000 "," $5,718,000 "," $40,918,000 "
KY-501,Louisville-Jefferson County CoC,118,165,691,346,511,856,37,12,6,44,18,9,346,511," $12,767,500 "," $2,568,600 "," $15,336,100 "
KY-502,Lexington-Fayette County CoC,11,15,665,333,348,680,29,10,5,35,14,7,333,348," $8,697,500 "," $2,041,200 "," $10,738,700 "
LA-500,Lafayette/Acadiana CoC,155,217,122,61,278,339,15,5,2,17,7,3,61,278," $6,950,000 "," $1,017,000 "," $7,967,000 "
LA-502,"Shreveport, Bossier/Northwest Louisiana CoC",60,84,158,79,163,242,10,4,2,12,5,2,79,163," $4,075,000 "," $726,000 "," $4,801,000 "
LA-503,New Orleans/Jefferson Parish CoC,430,602,588,294,896,1190,51,17,8,61,25,12,294,896," $22,400,000 "," $3,570,000 "," $25,970,000 "
LA-505,Monroe/Northeast Louisiana CoC,17,24,70,35,59,94,4,1,1,5,2,1,35,59," $1,470,000 "," $281,400 "," $1,751,400 "
LA-506,Slidell/Southeast Louisiana CoC,76,106,131,66,172,237,10,3,2,12,5,2,66,172," $4,297,500 "," $712,200 "," $5,009,700 "
LA-507,Alexandria/Central Louisiana CoC,19,27,68,34,61,95,4,1,1,5,2,1,34,61," $1,515,000 "," $283,800 "," $1,798,800 "
LA-509,Louisiana Balance of State CoC,217,304,286,143,447,590,25,9,4,30,12,6,143,447," $11,170,000 "," $1,769,400 "," $12,939,400 "
MA-500,Boston CoC,121,169,2243,1122,1291,2412,104,35,17,124,50,24,"1,122","1,291"," $32,272,500 "," $7,237,200 "," $39,509,700 "
MA-502,Lynn CoC,5,7,73,37,44,80,3,1,1,4,2,1,37,44," $1,087,500 "," $240,000 "," $1,327,500 "
MA-503,Cape Cod Islands CoC,38,53,138,69,122,191,8,3,1,10,4,2,69,122," $3,055,000 "," $573,600 "," $3,628,600 "
MA-504,Springfield/Hampden County CoC,42,59,324,162,221,383,17,6,3,20,8,4,162,221," $5,520,000 "," $1,148,400 "," $6,668,400 "
MA-505,New Bedford CoC,53,74,178,89,163,252,11,4,2,13,5,3,89,163," $4,080,000 "," $756,600 "," $4,836,600 "
MA-506,Worcester City & County CoC,169,237,487,244,480,724,31,10,5,37,15,7,244,480," $12,002,500 "," $2,170,800 "," $14,173,300 "
MA-507,"Pittsfield/Berkshire, Franklin, Hampshire Counties CoC",34,48,328,164,212,376,16,5,3,19,8,4,164,212," $5,290,000 "," $1,126,800 "," $6,416,800 "
MA-508,Lowell CoC,16,22,205,103,125,227,10,3,2,12,5,2,103,125," $3,122,500 "," $682,200 "," $3,804,700 "
MA-509,Cambridge CoC,58,81,326,163,244,407,18,6,3,21,8,4,163,244," $6,105,000 "," $1,221,600 "," $7,326,600 "
MA-510,"Gloucester, Haverhill, Salem/Essex County CoC",51,71,203,102,173,274,12,4,2,14,6,3,102,173," $4,322,500 "," $823,200 "," $5,145,700 "
MA-511,"Quincy, Brockton, Weymouth, Plymouth City and County CoC",13,18,356,178,196,374,16,5,3,19,8,4,178,196," $4,905,000 "," $1,122,600 "," $6,027,600 "
MA-515,Fall River CoC,4,6,62,31,37,68,3,1,0,3,1,1,31,37," $915,000 "," $202,800 "," $1,117,800 "
MA-516,Massachusetts Balance of State CoC,181,253,324,162,415,577,25,8,4,30,12,6,162,415," $10,385,000 "," $1,732,200 "," $12,117,200 "
MA-517,Somerville CoC,10,14,85,43,57,99,4,1,1,5,2,1,43,57," $1,412,500 "," $297,000 "," $1,709,500 "
MA-519,"Attleboro, Taunton/Bristol County CoC",34,48,38,19,67,86,4,1,1,4,2,1,19,67," $1,665,000 "," $256,800 "," $1,921,800 "
MD-500,Cumberland/Allegany County CoC,37,52,58,29,81,110,5,2,1,6,2,1,29,81," $2,020,000 "," $329,400 "," $2,349,400 "
MD-501,Baltimore CoC,380,532,1552,776,1308,2084,90,30,15,107,43,21,776,"1,308"," $32,700,000 "," $6,252,000 "," $38,952,000 "
MD-502,Harford County CoC,23,32,73,37,69,105,5,2,1,5,2,1,37,69," $1,717,500 "," $315,600 "," $2,033,100 "
MD-503,Annapolis/Anne Arundel County CoC,61,85,166,83,168,251,11,4,2,13,5,3,83,168," $4,210,000 "," $754,200 "," $4,964,200 "
MD-504,Howard County CoC,72,101,55,28,128,156,7,2,1,8,3,2,28,128," $3,207,500 "," $467,400 "," $3,674,900 "
MD-505,Baltimore County CoC,249,349,232,116,465,581,25,8,4,30,12,6,116,465," $11,615,000 "," $1,741,800 "," $13,356,800 "
MD-506,Carroll County CoC,23,32,64,32,64,96,4,1,1,5,2,1,32,64," $1,605,000 "," $288,600 "," $1,893,600 "
MD-507,Cecil County CoC,22,31,59,30,60,90,4,1,1,5,2,1,30,60," $1,507,500 "," $269,400 "," $1,776,900 "
MD-508,"Charles, Calvert, St.Mary's Counties CoC",114,160,132,66,226,292,13,4,2,15,6,3,66,226," $5,640,000 "," $874,800 "," $6,514,800 "
MD-509,Frederick City & County CoC,78,109,134,67,176,243,10,4,2,12,5,2,67,176," $4,405,000 "," $729,600 "," $5,134,600 "
MD-510,Garrett County CoC,1,1,11,6,7,12,1,0,0,1,0,0,6,7," $172,500 "," $37,200 "," $209,700 "
MD-511,Mid-Shore Regional CoC,18,25,63,32,57,88,4,1,1,5,2,1,32,57," $1,417,500 "," $264,600 "," $1,682,100 "
MD-512,Hagerstown/Washington County CoC,85,119,139,70,189,258,11,4,2,13,5,3,70,189," $4,712,500 "," $774,000 "," $5,486,500 "
MD-513,"Wicomico, Somerset, Worcester Counties CoC",37,52,161,81,132,213,9,3,1,11,4,2,81,132," $3,307,500 "," $638,400 "," $3,945,900 "
MD-600,Prince George's County CoC,73,102,127,64,166,229,10,3,2,12,5,2,64,166," $4,142,500 "," $687,600 "," $4,830,100 "
MD-601,Montgomery County CoC,75,105,344,172,277,449,19,7,3,23,9,4,172,277," $6,925,000 "," $1,347,000 "," $8,272,000 "
ME-500,Maine Statewide CoC,95,133,1125,563,696,1258,54,18,9,65,26,13,563,696," $17,387,500 "," $3,774,000 "," $21,161,500 "
MI-500,Michigan Balance of State CoC,134,188,518,259,447,706,30,10,5,36,15,7,259,447," $11,165,000 "," $2,116,800 "," $13,281,800 "
MI-501,Detroit CoC,86,120,1285,643,763,1405,61,20,10,72,29,14,643,763," $19,072,500 "," $4,216,200 "," $23,288,700 "
MI-502,"Dearborn, Dearborn Heights, Westland/Wayne County CoC",17,24,63,32,55,87,4,1,1,4,2,1,32,55," $1,382,500 "," $260,400 "," $1,642,900 "
MI-503,"St. Clair Shores, Warren/Macomb County CoC",20,28,175,88,116,203,9,3,1,10,4,2,88,116," $2,887,500 "," $609,000 "," $3,496,500 "
MI-504,"Pontiac, Royal Oak/Oakland County CoC",43,60,219,110,170,279,12,4,2,14,6,3,110,170," $4,242,500 "," $837,600 "," $5,080,100 "
MI-505,Flint/Genesee County CoC,48,67,240,120,187,307,13,4,2,16,6,3,120,187," $4,680,000 "," $921,600 "," $5,601,600 "
MI-506,"Grand Rapids, Wyoming/Kent County CoC",16,22,419,210,232,441,19,6,3,23,9,4,210,232," $5,797,500 "," $1,324,200 "," $7,121,700 "
MI-507,"Portage, Kalamazoo City & County CoC",173,242,284,142,384,526,23,8,4,27,11,5,142,384," $9,605,000 "," $1,578,600 "," $11,183,600 "
MI-508,"Lansing, East Lansing/Ingham County CoC",10,14,287,144,158,301,13,4,2,15,6,3,144,158," $3,937,500 "," $903,000 "," $4,840,500 "
MI-509,Washtenaw County CoC,12,17,181,91,107,198,9,3,1,10,4,2,91,107," $2,682,500 "," $593,400 "," $3,275,900 "
MI-510,Saginaw City & County CoC,12,17,168,84,101,185,8,3,1,10,4,2,84,101," $2,520,000 "," $554,400 "," $3,074,400 "
MI-511,Lenawee County CoC,3,4,57,29,33,61,3,1,0,3,1,1,29,33," $817,500 "," $183,600 "," $1,001,100 "
MI-512,"Grand Traverse, Antrim, Leelanau Counties CoC",4,6,118,59,65,124,5,2,1,6,3,1,59,65," $1,615,000 "," $370,800 "," $1,985,800 "
MI-513,"Marquette, Alger Counties CoC",0,0,30,15,15,30,1,0,0,2,1,0,15,15," $375,000 "," $90,000 "," $465,000 "
MI-514,Battle Creek/Calhoun County CoC,38,53,114,57,110,167,7,2,1,9,3,2,57,110," $2,755,000 "," $501,600 "," $3,256,600 "
MI-515,Monroe City & County CoC,0,0,91,46,46,91,4,1,1,5,2,1,46,46," $1,137,500 "," $273,000 "," $1,410,500 "
MI-516,"Norton Shores, Muskegon City & County CoC",16,22,71,36,58,93,4,1,1,5,2,1,36,58," $1,447,500 "," $280,200 "," $1,727,700 "
MI-517,Jackson City & County CoC,13,18,77,39,57,95,4,1,1,5,2,1,39,57," $1,417,500 "," $285,600 "," $1,703,100 "
MI-518,Livingston County CoC,0,0,40,20,20,40,2,1,0,2,1,0,20,20," $500,000 "," $120,000 "," $620,000 "
MI-519,Holland/Ottawa County CoC,17,24,113,57,80,137,6,2,1,7,3,1,57,80," $2,007,500 "," $410,400 "," $2,417,900 "
MI-523,Eaton County CoC,0,0,3,2,2,3,0,0,0,0,0,0,2,2," $37,500 "," $9,000 "," $46,500 "
MN-500,Minneapolis/Hennepin County CoC,603,844,1441,721,1565,2285,99,33,16,117,47,23,721,"1,565"," $39,117,500 "," $6,855,600 "," $45,973,100 "
MN-501,Saint Paul/Ramsey County CoC,317,444,752,376,820,1196,52,17,8,61,25,12,376,820," $20,495,000 "," $3,587,400 "," $24,082,400 "
MN-502,Rochester/Southeast Minnesota CoC,58,81,168,84,165,249,11,4,2,13,5,2,84,165," $4,130,000 "," $747,600 "," $4,877,600 "
MN-503,"Dakota, Anoka, Washington, Scott, Carver Counties",236,330,185,93,423,515,22,7,4,26,11,5,93,423," $10,572,500 "," $1,546,200 "," $12,118,700 "
MN-504,Northeast Minnesota CoC,28,39,19,10,49,58,3,1,0,3,1,1,10,49," $1,217,500 "," $174,600 "," $1,392,100 "
MN-505,St. Cloud/Central Minnesota CoC,213,298,174,87,385,472,20,7,3,24,10,5,87,385," $9,630,000 "," $1,416,600 "," $11,046,600 "
MN-506,Northwest Minnesota CoC,8,11,116,58,69,127,5,2,1,7,3,1,58,69," $1,730,000 "," $381,600 "," $2,111,600 "
MN-508,Moorhead/West Central Minnesota CoC,1,1,96,48,49,97,4,1,1,5,2,1,48,49," $1,235,000 "," $292,200 "," $1,527,200 "
MN-509,Duluth/St.Louis County CoC,183,256,146,73,329,402,17,6,3,21,8,4,73,329," $8,230,000 "," $1,206,600 "," $9,436,600 "
MN-511,Southwest Minnesota CoC,6,8,24,12,20,32,1,0,0,2,1,0,12,20," $510,000 "," $97,200 "," $607,200 "
MO-500,St. Louis County CoC,27,38,257,129,166,295,13,4,2,15,6,3,129,166," $4,157,500 "," $884,400 "," $5,041,900 "
MO-501,St.Louis City CoC,53,74,693,347,421,767,33,11,5,39,16,8,347,421," $10,517,500 "," $2,301,600 "," $12,819,100 "
MO-503,"St. Charles City & County, Lincoln, Warren Counties CoC",127,178,143,72,249,321,14,5,2,16,7,3,72,249," $6,232,500 "," $962,400 "," $7,194,900 "
MO-600,"Springfield/Greene, Christian, Webster Counties CoC",81,113,254,127,240,367,16,5,3,19,8,4,127,240," $6,010,000 "," $1,102,200 "," $7,112,200 "
MO-602,"Joplin/Jasper, Newton Counties CoC",49,69,141,71,139,210,9,3,1,11,4,2,71,139," $3,477,500 "," $628,800 "," $4,106,300 "
MO-603,"St. Joseph/Andrew, Buchanan, DeKalb Counties CoC",37,52,120,60,112,172,7,2,1,9,4,2,60,112," $2,795,000 "," $515,400 "," $3,310,400 "
MO-604a,"Kansas City, Independence, Lee?s Summit/Jackson, Wyandotte Counties, MO & KS",320,448,1070,535,983,1518,66,22,11,78,32,15,535,983," $24,575,000 "," $4,554,000 "," $29,129,000 "
MO-606,Missouri Balance of State CoC,359,503,595,298,800,1098,47,16,8,56,23,11,298,800," $20,002,500 "," $3,292,800 "," $23,295,300 "
MP-500,Northern Mariana Islands CoC,1787,2502,18,9,2511,2520,109,36,18,130,52,25,9,"2,511"," $62,770,000 "," $7,559,400 "," $70,329,400 "
MS-500,"Jackson/Rankin, Madison Counties CoC",106,148,240,120,268,388,17,6,3,20,8,4,120,268," $6,710,000 "," $1,165,200 "," $7,875,200 "
MS-501,Mississippi Balance of State CoC,189,265,193,97,361,458,20,7,3,24,10,5,97,361," $9,027,500 "," $1,372,800 "," $10,400,300 "
MS-503,Gulf Port/Gulf Coast Regional CoC,191,267,46,23,290,313,14,5,2,16,6,3,23,290," $7,260,000 "," $940,200 "," $8,200,200 "
MT-500,Montana Statewide CoC,345,483,656,328,811,1139,49,16,8,59,24,11,328,811," $20,275,000 "," $3,417,000 "," $23,692,000 "
NC-500,Winston-Salem/Forsyth County CoC,24,34,356,178,212,390,17,6,3,20,8,4,178,212," $5,290,000 "," $1,168,800 "," $6,458,800 "
NC-501,Asheville/Buncombe County CoC,78,109,467,234,343,576,25,8,4,30,12,6,234,343," $8,567,500 "," $1,728,600 "," $10,296,100 "
NC-502,Durham City & County CoC,81,113,175,88,201,288,12,4,2,15,6,3,88,201," $5,022,500 "," $865,200 "," $5,887,700 "
NC-503,North Carolina Balance of State CoC,850,1190,1456,728,1918,2646,114,38,19,136,55,27,728,"1,918"," $47,950,000 "," $7,938,000 "," $55,888,000 "
NC-504,"Greensboro, High Point CoC",61,85,399,200,285,484,21,7,3,25,10,5,200,285," $7,122,500 "," $1,453,200 "," $8,575,700 "
NC-505,Charlotte/Mecklenberg CoC,196,274,1027,514,788,1301,56,19,9,67,27,13,514,788," $19,697,500 "," $3,904,200 "," $23,601,700 "
NC-506,"Wilmington/Brunswick, New Hanover, Pender Counties CoC",162,227,184,92,319,411,18,6,3,21,9,4,92,319," $7,970,000 "," $1,232,400 "," $9,202,400 "
NC-507,Raleigh/Wake County CoC,236,330,462,231,561,792,34,11,6,41,16,8,231,561," $14,035,000 "," $2,377,200 "," $16,412,200 "
NC-509,"Gastonia/Cleveland, Gaston, Lincoln Counties CoC",72,101,164,82,183,265,11,4,2,14,6,3,82,183," $4,570,000 "," $794,400 "," $5,364,400 "
NC-511,Fayetteville/Cumberland County CoC,226,316,12,6,322,328,14,5,2,17,7,3,6,322," $8,060,000 "," $985,200 "," $9,045,200 "
NC-513,Chapel Hill/Orange County CoC,29,41,76,38,79,117,5,2,1,6,2,1,38,79," $1,965,000 "," $349,800 "," $2,314,800 "
NC-516,Northwest North Carolina CoC,253,354,111,56,410,465,20,7,3,24,10,5,56,410," $10,242,500 "," $1,395,600 "," $11,638,100 "
ND-500,North Dakota Statewide CoC,12,17,344,172,189,361,16,5,3,19,7,4,172,189," $4,720,000 "," $1,082,400 "," $5,802,400 "
NE-500,Nebraska Balance of State CoC,20,28,289,145,173,317,14,5,2,16,7,3,145,173," $4,312,500 "," $951,000 "," $5,263,500 "
NE-501,"Omaha, Council Bluffs CoC",46,64,1061,531,595,1125,49,16,8,58,23,11,531,595," $14,872,500 "," $3,376,200 "," $18,248,700 "
NE-502,Lincoln CoC,44,62,235,118,179,297,13,4,2,15,6,3,118,179," $4,477,500 "," $889,800 "," $5,367,300 "
NH-500,New Hampshire Balance of State CoC,95,133,318,159,292,451,19,7,3,23,9,5,159,292," $7,300,000 "," $1,353,000 "," $8,653,000 "
NH-501,Manchester CoC,51,71,221,111,182,292,13,4,2,15,6,3,111,182," $4,547,500 "," $877,200 "," $5,424,700 "
NH-502,Nashua/Hillsborough County CoC,3,4,123,62,66,127,5,2,1,7,3,1,62,66," $1,642,500 "," $381,600 "," $2,024,100 "
NJ-500,Atlantic City & County CoC,96,134,232,116,250,366,16,5,3,19,8,4,116,250," $6,260,000 "," $1,099,200 "," $7,359,200 "
NJ-501,Bergen County CoC,4,6,173,87,92,179,8,3,1,9,4,2,87,92," $2,302,500 "," $535,800 "," $2,838,300 "
NJ-502,Burlington County CoC,23,32,216,108,140,248,11,4,2,13,5,2,108,140," $3,505,000 "," $744,600 "," $4,249,600 "
NJ-503,"Camden City & County/Gloucester, Cape May, Cumberland Counties CoC",219,307,562,281,588,869,38,13,6,45,18,9,281,588," $14,690,000 "," $2,605,800 "," $17,295,800 "
NJ-504,Newark/Essex County CoC,338,473,1035,518,991,1508,65,22,11,78,31,15,518,991," $24,767,500 "," $4,524,600 "," $29,292,100 "
NJ-506,"Jersey City, Bayonne/Hudson County CoC",267,374,458,229,603,832,36,12,6,43,17,8,229,603," $15,070,000 "," $2,495,400 "," $17,565,400 "
NJ-507,New Brunswick/Middlesex County CoC,135,189,226,113,302,415,18,6,3,21,9,4,113,302," $7,550,000 "," $1,245,000 "," $8,795,000 "
NJ-508,Monmouth County CoC,54,76,156,78,154,232,10,3,2,12,5,2,78,154," $3,840,000 "," $694,800 "," $4,534,800 "
NJ-509,Morris County CoC,42,59,183,92,150,242,10,4,2,12,5,2,92,150," $3,757,500 "," $725,400 "," $4,482,900 "
NJ-510,Lakewood Township/Ocean County CoC,30,42,151,76,118,193,8,3,1,10,4,2,76,118," $2,937,500 "," $579,000 "," $3,516,500 "
NJ-511,Paterson/Passaic County CoC,117,164,170,85,249,334,14,5,2,17,7,3,85,249," $6,220,000 "," $1,001,400 "," $7,221,400 "
NJ-512,Salem County CoC,0,0,8,4,4,8,0,0,0,0,0,0,4,4," $100,000 "," $24,000 "," $124,000 "
NJ-513,Somerset County CoC,6,8,191,96,104,199,9,3,1,10,4,2,96,104," $2,597,500 "," $598,200 "," $3,195,700 "
NJ-514,Trenton/Mercer County CoC,84,118,245,123,240,363,16,5,3,19,8,4,123,240," $6,002,500 "," $1,087,800 "," $7,090,300 "
NJ-515,Elizabeth/Union County CoC,39,55,201,101,155,256,11,4,2,13,5,3,101,155," $3,877,500 "," $766,800 "," $4,644,300 "
NJ-516,"Warren, Sussex, Hunterdon Counties CoC",28,39,212,106,145,251,11,4,2,13,5,3,106,145," $3,630,000 "," $753,600 "," $4,383,600 "
NM-500,Albuquerque CoC,567,794,677,339,1132,1471,63,21,10,76,31,15,339,"1,132"," $28,307,500 "," $4,412,400 "," $32,719,900 "
NM-501,New Mexico Balance of State CoC,692,969,597,299,1267,1566,68,23,11,80,33,16,299,"1,267"," $31,682,500 "," $4,697,400 "," $36,379,900 "
NV-500,Las Vegas/Clark County CoC,3317,4644,1877,939,5582,6521,281,94,46,335,135,65,939,"5,582"," $139,557,500 "," $19,562,400 "," $159,119,900 "
NV-501,"Reno, Sparks/Washoe County CoC",226,316,875,438,754,1191,51,17,8,61,25,12,438,754," $18,847,500 "," $3,574,200 "," $22,421,700 "
NV-502,Nevada Balance of State CoC,264,370,86,43,413,456,20,7,3,23,9,5,43,413," $10,315,000 "," $1,366,800 "," $11,681,800 "
NY-500,"Rochester, Irondequoit, Greece/Monroe County CoC",35,49,561,281,330,610,26,9,4,31,13,6,281,330," $8,237,500 "," $1,830,000 "," $10,067,500 "
NY-501,"Elmira/Steuben, Allegany, Livingston, Chemung, Schuyler Counties CoC",7,10,122,61,71,132,6,2,1,7,3,1,61,71," $1,770,000 "," $395,400 "," $2,165,400 "
NY-503,Albany City & County CoC,34,48,509,255,302,557,24,8,4,29,12,6,255,302," $7,552,500 "," $1,669,800 "," $9,222,300 "
NY-504,Cattaragus County CoC,0,0,26,13,13,26,1,0,0,1,1,0,13,13," $325,000 "," $78,000 "," $403,000 "
NY-505,"Syracuse, Auburn/Onondaga, Oswego, Cayuga Counties CoC",13,18,539,270,288,557,24,8,4,29,12,6,270,288," $7,192,500 "," $1,671,600 "," $8,864,100 "
NY-507,Schenectady City & County CoC,22,31,209,105,135,240,10,3,2,12,5,2,105,135," $3,382,500 "," $719,400 "," $4,101,900 "
NY-508,"Buffalo, Niagara Falls/Erie, Niagara, Orleans, Genesee, Wyoming Counties CoC",33,46,502,251,297,548,24,8,4,28,11,5,251,297," $7,430,000 "," $1,644,600 "," $9,074,600 "
NY-510,Ithaca/Tompkins County CoC,0,0,122,61,61,122,5,2,1,6,3,1,61,61," $1,525,000 "," $366,000 "," $1,891,000 "
NY-511,"Binghamton, Union Town/Broome, Otsego, Chenango, Delaware, Cortland, Tioga Count",9,13,246,123,136,259,11,4,2,13,5,3,123,136," $3,390,000 "," $775,800 "," $4,165,800 "
NY-512,Troy/Rensselaer County CoC,10,14,106,53,67,120,5,2,1,6,2,1,53,67," $1,675,000 "," $360,000 "," $2,035,000 "
NY-513,"Wayne, Ontario, Seneca, Yates Counties CoC",1,1,135,68,69,136,6,2,1,7,3,1,68,69," $1,722,500 "," $409,200 "," $2,131,700 "
NY-514,"Jamestown, Dunkirk/Chautauqua County CoC",0,0,55,28,28,55,2,1,0,3,1,1,28,28," $687,500 "," $165,000 "," $852,500 "
NY-516,Clinton County CoC,1,1,130,65,66,131,6,2,1,7,3,1,65,66," $1,660,000 "," $394,200 "," $2,054,200 "
NY-518,"Utica, Rome/Oneida, Madison Counties CoC",14,20,110,55,75,130,6,2,1,7,3,1,55,75," $1,865,000 "," $388,800 "," $2,253,800 "
NY-519,"Columbia, Greene Counties CoC",4,6,93,47,52,99,4,1,1,5,2,1,47,52," $1,302,500 "," $295,800 "," $1,598,300 "
NY-520,"Franklin, Essex Counties CoC",3,4,19,10,14,23,1,0,0,1,0,0,10,14," $342,500 "," $69,600 "," $412,100 "
NY-522,"Jefferson, Lewis, St. Lawrence Counties CoC",4,6,35,18,23,41,2,1,0,2,1,0,18,23," $577,500 "," $121,800 "," $699,300 "
NY-523,"Glens Falls, Saratoga Springs/Saratoga, Washington, Warren, Hamilton Counties Co",7,10,202,101,111,212,9,3,1,11,4,2,101,111," $2,770,000 "," $635,400 "," $3,405,400 "
NY-525,New York Balance of State Continuum of Care,4,6,72,36,42,78,3,1,1,4,2,1,36,42," $1,040,000 "," $232,800 "," $1,272,800 "
NY-600,New York City CoC,3622,5071,31765,15883,20953,36836,1590,533,258,1893,765,369,"15,883","20,953"," $523,832,500 "," $110,507,400 "," $634,339,900 "
NY-601,Poughkeepsie/Dutchess County CoC,10,14,259,130,144,273,12,4,2,14,6,3,130,144," $3,587,500 "," $819,000 "," $4,406,500 "
NY-602,"Newburgh, Middletown/Orange County CoC",51,71,200,100,171,271,12,4,2,14,6,3,100,171," $4,285,000 "," $814,200 "," $5,099,200 "
NY-603,"Nassau, Suffolk Counties CoC",46,64,1092,546,610,1156,50,17,8,59,24,12,546,610," $15,260,000 "," $3,469,200 "," $18,729,200 "
NY-604,"Yonkers, Mount Vernon/Westchester County CoC",32,45,575,288,332,620,27,9,4,32,13,6,288,332," $8,307,500 "," $1,859,400 "," $10,166,900 "
NY-606,Rockland County CoC,43,60,102,51,111,162,7,2,1,8,3,2,51,111," $2,780,000 "," $486,600 "," $3,266,600 "
NY-607,Sullivan County CoC,0,0,59,30,30,59,3,1,0,3,1,1,30,30," $737,500 "," $177,000 "," $914,500 "
NY-608,Kingston/Ulster County CoC,42,59,130,65,124,189,8,3,1,10,4,2,65,124," $3,095,000 "," $566,400 "," $3,661,400 "
OH-500,Cincinnati/Hamilton County CoC,31,43,731,366,409,774,33,11,5,40,16,8,366,409," $10,222,500 "," $2,323,200 "," $12,545,700 "
OH-501,Toledo/Lucas County CoC,12,17,337,169,185,354,15,5,2,18,7,4,169,185," $4,632,500 "," $1,061,400 "," $5,693,900 "
OH-502,Cleveland/Cuyahoga County CoC,106,148,1082,541,689,1230,53,18,9,63,26,12,541,689," $17,235,000 "," $3,691,200 "," $20,926,200 "
OH-503,Columbus/Franklin County CoC,382,535,982,491,1026,1517,65,22,11,78,31,15,491,"1,026"," $25,645,000 "," $4,550,400 "," $30,195,400 "
OH-504,Youngstown/Mahoning County CoC,9,13,107,54,66,120,5,2,1,6,2,1,54,66," $1,652,500 "," $358,800 "," $2,011,300 "
OH-505,"Dayton, Kettering/Montgomery County CoC",49,69,496,248,317,565,24,8,4,29,12,6,248,317," $7,915,000 "," $1,693,800 "," $9,608,800 "
OH-506,"Akron, Barberton/Summit County CoC",87,122,317,159,280,439,19,6,3,23,9,4,159,280," $7,007,500 "," $1,316,400 "," $8,323,900 "
OH-507,Ohio Balance of State CoC,814,1140,1384,692,1832,2524,109,37,18,130,52,25,692,"1,832"," $45,790,000 "," $7,570,800 "," $53,360,800 "
OH-508,"Canton, Massillon, Alliance/Stark County CoC",17,24,104,52,76,128,6,2,1,7,3,1,52,76," $1,895,000 "," $383,400 "," $2,278,400 "
OK-500,North Central Oklahoma CoC,7,10,118,59,69,128,6,2,1,7,3,1,59,69," $1,720,000 "," $383,400 "," $2,103,400 "
OK-501,Tulsa City & County CoC,296,414,667,334,748,1081,47,16,8,56,22,11,334,748," $18,697,500 "," $3,244,200 "," $21,941,700 "
OK-502,Oklahoma City CoC,384,538,692,346,884,1230,53,18,9,63,26,12,346,884," $22,090,000 "," $3,688,800 "," $25,778,800 "
OK-503,Oklahoma Balance of State CoC,166,232,84,42,274,316,14,5,2,16,7,3,42,274," $6,860,000 "," $949,200 "," $7,809,200 "
OK-504,Norman/Cleveland County CoC,215,301,84,42,343,385,17,6,3,20,8,4,42,343," $8,575,000 "," $1,155,000 "," $9,730,000 "
OK-505,Northeast Oklahoma CoC,71,99,69,35,134,168,7,2,1,9,3,2,35,134," $3,347,500 "," $505,200 "," $3,852,700 "
OK-506,Southwest Oklahoma Regional CoC,22,31,71,36,66,102,4,1,1,5,2,1,36,66," $1,657,500 "," $305,400 "," $1,962,900 "
OK-507,Southeastern Oklahoma Regional CoC,76,106,164,82,188,270,12,4,2,14,6,3,82,188," $4,710,000 "," $811,200 "," $5,521,200 "
OR-500,"Eugene, Springfield/Lane County CoC",1633,2286,374,187,2473,2660,115,39,19,137,55,27,187,"2,473"," $61,830,000 "," $7,980,600 "," $69,810,600 "
OR-501,"Portland, Gresham/Multnomah County CoC",2037,2852,1673,837,3688,4525,195,66,32,233,94,45,837,"3,688"," $92,207,500 "," $13,574,400 "," $105,781,900 "
OR-502,"Medford, Ashland/Jackson County CoC",364,510,263,132,641,773,33,11,5,40,16,8,132,641," $16,027,500 "," $2,317,800 "," $18,345,300 "
OR-503,Central Oregon CoC,614,860,212,106,966,1072,46,16,8,55,22,11,106,966," $24,140,000 "," $3,214,800 "," $27,354,800 "
OR-505,Oregon Balance of State CoC,5039,7055,1300,650,7705,8355,361,121,58,429,173,84,650,"7,705"," $192,615,000 "," $25,063,800 "," $217,678,800 "
OR-506,"Hillsboro, Beaverton/Washington County CoC",232,325,187,94,418,512,22,7,4,26,11,5,94,418," $10,457,500 "," $1,535,400 "," $11,992,900 "
OR-507,Clackamas County CoC,223,312,178,89,401,490,21,7,3,25,10,5,89,401," $10,030,000 "," $1,470,600 "," $11,500,600 "
PA-500,Philadelphia CoC,973,1362,2532,1266,2628,3894,168,56,27,200,81,39,"1,266","2,628"," $65,705,000 "," $11,682,600 "," $77,387,600 "
PA-501,Harrisburg/Dauphin County CoC,48,67,220,110,177,287,12,4,2,15,6,3,110,177," $4,430,000 "," $861,600 "," $5,291,600 "
PA-502,"Upper Darby, Chester, Haverford/Delaware County CoC",48,67,175,88,155,242,10,4,2,12,5,2,88,155," $3,867,500 "," $726,600 "," $4,594,100 "
PA-503,"Wilkes-Barre, Hazleton/Luzerne County CoC",7,10,90,45,55,100,4,1,1,5,2,1,45,55," $1,370,000 "," $299,400 "," $1,669,400 "
PA-504,"Lower Merion, Norristown, Abington/Montgomery County CoC",19,27,96,48,75,123,5,2,1,6,3,1,48,75," $1,865,000 "," $367,800 "," $2,232,800 "
PA-505,Chester County CoC,20,28,374,187,215,402,17,6,3,21,8,4,187,215," $5,375,000 "," $1,206,000 "," $6,581,000 "
PA-506,Reading/Berks County CoC,10,14,445,223,237,459,20,7,3,24,10,5,223,237," $5,912,500 "," $1,377,000 "," $7,289,500 "
PA-508,Scranton/Lackawanna County CoC,9,13,122,61,74,135,6,2,1,7,3,1,61,74," $1,840,000 "," $403,800 "," $2,243,800 "
PA-509,Eastern Pennsylvania CoC,337,472,758,379,851,1230,53,18,9,63,26,12,379,851," $21,270,000 "," $3,689,400 "," $24,959,400 "
PA-510,Lancaster City & County CoC,12,17,234,117,134,251,11,4,2,13,5,3,117,134," $3,345,000 "," $752,400 "," $4,097,400 "
PA-511,"Bristol, Bensalem/Bucks County CoC",21,29,135,68,97,164,7,2,1,8,3,2,68,97," $2,422,500 "," $493,200 "," $2,915,700 "
PA-512,York City & County CoC,32,45,147,74,118,192,8,3,1,10,4,2,74,118," $2,957,500 "," $575,400 "," $3,532,900 "
PA-600,"Pittsburgh, McKeesport, Penn Hills/Allegheny County CoC",48,67,481,241,308,548,24,8,4,28,11,5,241,308," $7,692,500 "," $1,644,600 "," $9,337,100 "
PA-601,Western Pennsylvania CoC,34,48,433,217,264,481,21,7,3,25,10,5,217,264," $6,602,500 "," $1,441,800 "," $8,044,300 "
PA-603,Beaver County CoC,6,8,46,23,31,54,2,1,0,3,1,1,23,31," $785,000 "," $163,200 "," $948,200 "
PA-605,Erie City & County CoC,6,8,241,121,129,249,11,4,2,13,5,2,121,129," $3,222,500 "," $748,200 "," $3,970,700 "
PR-502,Puerto Rico Balance of Commonwealth CoC,908,1271,308,154,1425,1579,68,23,11,81,33,16,154,"1,425"," $35,630,000 "," $4,737,600 "," $40,367,600 "
PR-503,South-Southeast Puerto Rico CoC,992,1389,189,95,1483,1578,68,23,11,81,33,16,95,"1,483"," $37,082,500 "," $4,733,400 "," $41,815,900 "
RI-500,Rhode Island Statewide CoC,71,99,663,332,431,762,33,11,5,39,16,8,332,431," $10,772,500 "," $2,287,200 "," $13,059,700 "
SC-500,Charleston/Low Country CoC,128,179,219,110,289,398,17,6,3,20,8,4,110,289," $7,217,500 "," $1,194,600 "," $8,412,100 "
SC-501,"Greenville, Anderson, Spartanburg/Upstate CoC",506,708,658,329,1037,1366,59,20,10,70,28,14,329,"1,037"," $25,935,000 "," $4,099,200 "," $30,034,200 "
SC-502,Columbia/Midlands CoC,292,409,705,353,761,1114,48,16,8,57,23,11,353,761," $19,032,500 "," $3,341,400 "," $22,373,900 "
SC-503,"Myrtle Beach, Sumter City & County CoC",791,1107,278,139,1246,1385,60,20,10,71,29,14,139,"1,246"," $31,160,000 "," $4,156,200 "," $35,316,200 "
SD-500,South Dakota Statewide CoC,234,328,504,252,580,832,36,12,6,43,17,8,252,580," $14,490,000 "," $2,494,800 "," $16,984,800 "
TN-500,Chattanooga/Southeast Tennessee CoC,181,253,202,101,354,455,20,7,3,23,9,5,101,354," $8,860,000 "," $1,366,200 "," $10,226,200 "
TN-501,Memphis/Shelby County CoC,58,81,703,352,433,784,34,11,5,40,16,8,352,433," $10,817,500 "," $2,352,600 "," $13,170,100 "
TN-502,Knoxville/Knox County CoC,195,273,531,266,539,804,35,12,6,41,17,8,266,539," $13,462,500 "," $2,412,000 "," $15,874,500 "
TN-503,Central Tennessee CoC,47,66,219,110,175,285,12,4,2,15,6,3,110,175," $4,382,500 "," $854,400 "," $5,236,900 "
TN-504,Nashville-Davidson County CoC,585,819,1216,608,1427,2035,88,29,14,105,42,20,608,"1,427"," $35,675,000 "," $6,105,000 "," $41,780,000 "
TN-506,Upper Cumberland CoC,65,91,145,73,164,236,10,3,2,12,5,2,73,164," $4,087,500 "," $708,000 "," $4,795,500 "
TN-507,Jackson/West Tennessee CoC,851,1191,58,29,1220,1249,54,18,9,64,26,13,29,"1,220"," $30,510,000 "," $3,748,200 "," $34,258,200 "
TN-509,Appalachian Regional CoC,149,209,156,78,287,365,16,5,3,19,8,4,78,287," $7,165,000 "," $1,093,800 "," $8,258,800 "
TN-510,Murfreesboro/Rutherford County CoC,162,227,173,87,313,400,17,6,3,21,8,4,87,313," $7,832,500 "," $1,199,400 "," $9,031,900 "
TN-512,"Morristown/Blount, Sevier, Campbell, Cocke Counties CoC",305,427,105,53,480,532,23,8,4,27,11,5,53,480," $11,987,500 "," $1,596,000 "," $13,583,500 "
TX-500,San Antonio/Bexar County CoC,1187,1662,887,444,2105,2549,110,37,18,131,53,26,444,"2,105"," $52,632,500 "," $7,646,400 "," $60,278,900 "
TX-503,Austin/Travis County CoC,1086,1520,615,308,1828,2135,92,31,15,110,44,21,308,"1,828"," $45,697,500 "," $6,406,200 "," $52,103,700 "
TX-600,"Dallas City & County, Irving CoC",1452,2033,2022,1011,3044,4055,175,59,28,208,84,41,"1,011","3,044"," $76,095,000 "," $12,164,400 "," $88,259,400 "
TX-601,"Fort Worth, Arlington/Tarrant County CoC",560,784,1027,514,1298,1811,78,26,13,93,38,18,514,"1,298"," $32,437,500 "," $5,433,000 "," $37,870,500 "
TX-603,El Paso City & County CoC,183,256,344,172,428,600,26,9,4,31,12,6,172,428," $10,705,000 "," $1,800,600 "," $12,505,600 "
TX-604,Waco/McLennan County CoC,69,97,65,33,129,162,7,2,1,8,3,2,33,129," $3,227,500 "," $484,800 "," $3,712,300 "
TX-607,Texas Balance of State CoC,4656,6518,1750,875,7393,8268,357,120,58,425,172,83,875,"7,393"," $184,835,000 "," $24,805,200 "," $209,640,200 "
TX-611,Amarillo CoC,331,463,296,148,611,759,33,11,5,39,16,8,148,611," $15,285,000 "," $2,278,200 "," $17,563,200 "
TX-624,"Wichita Falls/Wise, Palo Pinto, Wichita, Archer Counties CoC",63,88,158,79,167,246,11,4,2,13,5,2,79,167," $4,180,000 "," $738,600 "," $4,918,600 "
TX-700,"Houston, Pasadena, Conroe/Harris, Ft. Bend, Montgomery, Counties CoC",1614,2260,1304,652,2912,3564,154,52,25,183,74,36,652,"2,912"," $72,790,000 "," $10,690,800 "," $83,480,800 "
TX-701,"Bryan, College Station/Brazos Valley CoC",21,29,74,37,66,103,4,1,1,5,2,1,37,66," $1,660,000 "," $310,200 "," $1,970,200 "
UT-500,Salt Lake City & County CoC,193,270,1125,563,833,1395,60,20,10,72,29,14,563,833," $20,817,500 "," $4,185,600 "," $25,003,100 "
UT-503,Utah Balance of State CoC,151,211,342,171,382,553,24,8,4,28,11,6,171,382," $9,560,000 "," $1,660,200 "," $11,220,200 "
UT-504,Provo/Mountainland CoC,64,90,49,25,114,139,6,2,1,7,3,1,25,114," $2,852,500 "," $415,800 "," $3,268,300 "
VA-500,"Richmond/Henrico, Chesterfield, Hanover Counties CoC",170,238,194,97,335,432,19,6,3,22,9,4,97,335," $8,375,000 "," $1,296,000 "," $9,671,000 "
VA-501,"Norfolk, Chesapeake, Suffolk/Isle of Wight, Southampton Counties CoC",86,120,409,205,325,529,23,8,4,27,11,5,205,325," $8,122,500 "," $1,588,200 "," $9,710,700 "
VA-502,"Roanoke City & County, Salem CoC",15,21,229,115,136,250,11,4,2,13,5,3,115,136," $3,387,500 "," $750,000 "," $4,137,500 "
VA-503,Virginia Beach CoC,54,76,136,68,144,212,9,3,1,11,4,2,68,144," $3,590,000 "," $634,800 "," $4,224,800 "
VA-504,Charlottesville CoC,26,36,117,59,95,153,7,2,1,8,3,2,59,95," $2,372,500 "," $460,200 "," $2,832,700 "
VA-505,"Newport News, Hampton/Virginia Peninsula CoC",52,73,252,126,199,325,14,5,2,17,7,3,126,199," $4,970,000 "," $974,400 "," $5,944,400 "
VA-507,Portsmouth CoC,11,15,69,35,50,84,4,1,1,4,2,1,35,50," $1,247,500 "," $253,200 "," $1,500,700 "
VA-508,Lynchburg CoC,14,20,40,20,40,60,3,1,0,3,1,1,20,40," $990,000 "," $178,800 "," $1,168,800 "
VA-513,"Harrisburg, Winchester/Western Virginia CoC",28,39,205,103,142,244,11,4,2,13,5,2,103,142," $3,542,500 "," $732,600 "," $4,275,100 "
VA-514,"Fredericksburg/Spotsylvania, Stafford Counties CoC",36,50,96,48,98,146,6,2,1,8,3,1,48,98," $2,460,000 "," $439,200 "," $2,899,200 "
VA-521,Virginia Balance of State CoC,124,174,289,145,318,463,20,7,3,24,10,5,145,318," $7,952,500 "," $1,387,800 "," $9,340,300 "
VA-600,Arlington County CoC,36,50,113,57,107,163,7,2,1,8,3,2,57,107," $2,672,500 "," $490,200 "," $3,162,700 "
VA-601,Fairfax County CoC,89,125,419,210,334,544,23,8,4,28,11,5,210,334," $8,352,500 "," $1,630,800 "," $9,983,300 "
VA-602,Loudoun County CoC,71,99,53,27,126,152,7,2,1,8,3,2,27,126," $3,147,500 "," $457,200 "," $3,604,700 "
VA-603,Alexandria CoC,10,14,103,52,66,117,5,2,1,6,2,1,52,66," $1,637,500 "," $351,000 "," $1,988,500 "
VA-604,Prince William County CoC,37,52,80,40,92,132,6,2,1,7,3,1,40,92," $2,295,000 "," $395,400 "," $2,690,400 "
VI-500,Virgin Islands CoC,232,325,82,41,366,407,18,6,3,21,8,4,41,366," $9,145,000 "," $1,220,400 "," $10,365,400 "
VT-500,Vermont Balance of State CoC,66,92,389,195,287,481,21,7,3,25,10,5,195,287," $7,172,500 "," $1,444,200 "," $8,616,700 "
VT-501,Burlington/Chittenden County CoC,48,67,180,90,157,247,11,4,2,13,5,2,90,157," $3,930,000 "," $741,600 "," $4,671,600 "
WA-500,Seattle/King County CoC,5228,7319,3540,1770,9089,10859,469,157,76,558,225,109,"1,770","9,089"," $227,230,000 "," $32,577,600 "," $259,807,600 "
WA-501,Washington Balance of State CoC,2299,3219,1789,895,4113,5008,216,73,35,257,104,50,895,"4,113"," $102,827,500 "," $15,022,800 "," $117,850,300 "
WA-502,Spokane City & County CoC,315,441,711,356,797,1152,50,17,8,59,24,12,356,797," $19,912,500 "," $3,456,000 "," $23,368,500 "
WA-503,"Tacoma, Lakewood/Pierce County CoC",629,881,520,260,1141,1401,60,20,10,72,29,14,260,"1,141"," $28,515,000 "," $4,201,800 "," $32,716,800 "
WA-504,Everett/Snohomish County CoC,599,839,272,136,975,1111,48,16,8,57,23,11,136,975," $24,365,000 "," $3,331,800 "," $27,696,800 "
WA-508,Vancouver/Clark County CoC,487,682,220,110,792,902,39,13,6,46,19,9,110,792," $19,795,000 "," $2,705,400 "," $22,500,400 "
WI-500,Wisconsin Balance of State CoC,94,132,1323,662,793,1455,63,21,10,75,30,15,662,793," $19,827,500 "," $4,363,800 "," $24,191,300 "
WI-501,Milwaukee City & County CoC,114,160,472,236,396,632,27,9,4,32,13,6,236,396," $9,890,000 "," $1,894,800 "," $11,784,800 "
WI-502,Racine City & County CoC,12,17,136,68,85,153,7,2,1,8,3,2,68,85," $2,120,000 "," $458,400 "," $2,578,400 "
WI-503,Madison/Dane County CoC,75,105,279,140,245,384,17,6,3,20,8,4,140,245," $6,112,500 "," $1,152,000 "," $7,264,500 "
WV-500,"Wheeling, Weirton Area CoC",9,13,93,47,59,106,5,2,1,5,2,1,47,59," $1,477,500 "," $316,800 "," $1,794,300 "
WV-501,"Huntington/Cabell, Wayne Counties CoC",49,69,100,50,119,169,7,2,1,9,4,2,50,119," $2,965,000 "," $505,800 "," $3,470,800 "
WV-503,"Charleston/Kanawha, Putnam, Boone, Clay Counties CoC",2,3,234,117,120,237,10,3,2,12,5,2,117,120," $2,995,000 "," $710,400 "," $3,705,400 "
WV-508,West Virginia Balance of State CoC,188,263,484,242,505,747,32,11,5,38,16,7,242,505," $12,630,000 "," $2,241,600 "," $14,871,600 "
WY-500,Wyoming Statewide CoC,125,175,329,165,340,504,22,7,4,26,10,5,165,340," $8,487,500 "," $1,512,000 "," $9,999,500 "