State,County ,Additional Bed Capacity Needed,Number of infections,Num of hospitalizations,Num of critical cases,Num of fatalities
California,Los Angeles,65648,27758,2995,1005,486
California,Santa Clara,11635,4872,526,176,85
California,Alameda,9429,4009,433,145,70
Washington,King,9089,4344,469,157,76
New York,New York,8658,6088,657,220,107
California,San Francisco,8368,3794,409,137,66
California,San Diego,7447,3451,372,125,60
California,Orange,6418,2916,315,106,51
California,Sacramento,6008,2622,283,95,46
Nevada,Clark,5582,2608,281,94,46
Arizona,Maricopa,5322,2472,267,90,43
New York,Kings,4739,3333,360,121,58
New York,Bronx,4419,3108,335,112,54
Hawaii,Honolulu,3856,1739,188,63,30
Oregon,Multnomah,3688,1810,195,66,32
Illinois,Cook,3149,1755,189,64,31
California,Sonoma,3110,1392,150,50,24
California,Riverside,3108,1341,145,49,23
California,San Bernardino,2823,1183,128,43,21
Pennsylvania,Philadelphia,2628,1558,168,56,27
California,Contra Costa,2516,1102,119,40,19
California,Santa Cruz,2516,1060,114,38,19
Columbia,District of Columbia,2485,1647,178,60,29
Oregon,Lane,2473,1064,115,39,19
California,San Joaquin,2458,1094,118,40,19
Florida,Broward,2383,1150,124,42,20
New York,Queens,2296,1614,174,58,28
Texas,Harris,2295,1124,121,41,20
Texas,Dallas,2274,1212,131,44,21
California,Monterey,2181,922,99,33,16
Georgia,Fulton,2140,1295,140,47,23
Texas,Bexar,2105,1020,110,37,18
California,Fresno,2068,857,92,31,15
California,Humboldt,2058,861,93,31,15
Florida,Miami-Dade,2045,1071,116,39,19
Oregon,Marion,1879,815,88,30,14
California,Ventura,1872,793,86,29,14
Texas,Travis,1828,854,92,31,15
Texas,Fort Bend,1776,869,94,32,15
California,Stanislaus,1773,809,87,29,14
California,Imperial,1763,724,78,26,13
California,Santa Barbara,1758,772,83,28,14
Florida,Pinellas,1734,920,99,33,16
California,San Luis Obispo,1727,726,78,26,13
Minnesota,Hennepin,1565,914,99,33,16
Colorado,Denver,1458,910,98,33,16
Tennessee,Davidson,1427,814,88,29,14
Florida,Palm Beach,1421,610,66,22,11
California,San Mateo,1397,613,66,22,11
California,Solano,1379,581,63,21,10
Massachusetts,Suffolk,1334,988,107,36,17
Maryland,Baltimore,1308,834,90,30,15
California,Kern,1301,590,64,21,10
Texas,Parker,1298,724,78,26,13
California,Butte,1297,568,61,21,10
New Mexico,Bernalillo,1254,649,70,23,11
Texas,Tarrant,1242,692,74,25,12
Florida,Hillsborough,1195,580,63,21,10
Washington,Pierce,1166,572,61,20,10
Texas,Montgomery,1136,556,60,20,10
California,Marin,1089,475,51,17,8
Washington,Kitsap,1032,502,54,18,9
Ohio,Franklin,1026,607,65,22,11
Florida,Pasco,1000,415,45,15,7
New Jersey,Essex,991,603,65,22,11
Colorado,El Paso,981,536,58,19,9
Oregon,Yamhill,981,426,46,15,7
Washington,Snohomish,975,444,48,16,8
Florida,St. Lucie,938,380,41,14,7
California,Madera,936,388,42,14,7
Oregon,Benton,896,388,42,14,7
New York,Richmond,840,591,64,21,10
Utah,Salt Lake,833,558,60,20,10
California,Mendocino,829,362,39,13,6
Arizona,Pima,825,458,49,17,8
Minnesota,Ramsey,820,478,52,17,8
Michigan,Wayne,818,597,65,21,11
Oklahoma,Oklahoma,816,443,48,16,8
Florida,Duval,801,441,48,16,8
Washington,Spokane,797,461,50,17,8
Washington,Clark,792,361,39,13,6
North Carolina,Mecklenburg,788,520,56,19,9
California,San Benito,787,333,36,12,6
Hawaii,Maui,779,333,36,12,6
Texas,Collin,770,410,44,15,7
Washington,Thurston,758,369,40,13,6
Nevada,Washoe,754,476,51,17,8
Oklahoma,Tulsa,748,432,47,16,8
California,El Dorado,729,314,34,11,6
Oregon,Polk,720,312,34,11,5
Oregon,Deschutes,705,313,34,12,6
Ohio,Cuyahoga,689,492,53,18,9
Florida,Brevard,671,314,34,11,6
Indiana,Marion,663,472,51,17,8
Arkansas,Pulaski,646,305,33,11,5
California,Kings,644,278,30,10,5
Oregon,Jackson,641,309,33,11,5
Hawaii,Kauai,639,273,30,10,5
California,Shasta,621,283,30,10,5
California,Yolo,618,272,29,10,5
Colorado,Broomfield,611,382,41,14,7
New Jersey,Hudson,603,333,36,12,6
North Carolina,Wake,561,317,34,11,6
Massachusetts,Middlesex,559,367,40,13,7
Texas,Denton,553,260,28,9,5
Tennessee,Knox,539,322,35,12,6
Louisiana,Orleans,539,286,31,10,5
California,Tulare,535,231,25,8,4
Florida,Indian River,520,211,23,8,4
Kentucky,Jefferson,511,342,37,12,6
Oregon,Columbia,509,221,24,8,4
Florida,Volusia,508,215,23,8,4
New York,Nassau,503,381,41,14,7
Georgia,Chatham,497,268,29,10,5
Alaska,Anchorage,487,335,36,12,6
Massachusetts,Worcester,480,290,31,10,5
California,Merced,475,219,24,8,4
Maryland,Baltimore,465,232,25,8,4
Arizona,Pinal,465,223,24,8,4
California,Sutter,453,194,21,7,3
Florida,Martin,451,183,20,7,3
Florida,Seminole,450,270,29,10,5
Oklahoma,Cleveland,445,211,23,8,4
Georgia,DeKalb,444,218,24,8,3
Hawaii,Hawaii,439,188,20,7,3
Tennessee,Shelby,433,314,34,11,5
California,Amador,433,178,19,7,3
Texas,El Paso,428,240,26,9,4
Florida,Monroe,426,224,24,8,4
Alabama,Jefferson,423,226,25,8,4
Missouri,St. Louis,421,307,33,11,5
Florida,Orange,420,252,27,9,4
Oregon,Washington,418,205,22,7,4
Ohio,Hamilton,409,310,33,11,5
Texas,Williamson,404,183,20,7,3
Nebraska,Douglas,401,303,33,11,5
Oregon,Clackamas,401,196,21,7,3
Idaho,Canyon,400,178,19,6,3
Wisconsin,Milwaukee,396,253,27,9,4
Florida,Alachua,393,177,19,6,3
Texas,Hidalgo,391,175,19,6,3
Michigan,Kalamazoo,384,210,23,8,4
New Jersey,Camden,379,224,25,8,4
Connecticut,Hartford,363,226,24,8,4
Connecticut,Fairfield,361,228,24,8,4
Texas,Potter,359,178,19,6,3
Oregon,Linn,359,156,17,6,3
California,Placer,358,172,19,6,3
Oregon,Josephine,358,155,17,6,3
Louisiana,Jefferson,357,190,20,7,3
Iowa,Polk,355,232,25,8,4
Washington,Island,353,172,19,6,3
Texas,Gregg,352,158,17,6,3
Kentucky,Fayette,348,272,29,10,5
Georgia,Gwinnett,347,154,17,6,3
Florida,Marion,345,176,19,6,3
North Carolina,Buncombe,343,230,25,8,4
New Mexico,Los Alamos,342,169,18,6,3
Idaho,Ada,339,237,26,9,4
New York,Westchester,332,248,27,9,4
New York,Monroe,330,244,26,9,4
Minnesota,St. Louis,329,161,17,6,3
California,Yuba,326,139,15,5,3
California,Tehama,323,138,15,5,2
North Carolina,Cumberland,322,131,14,5,2
Ohio,Montgomery,317,226,24,8,4
California,Del Norte,314,143,15,5,2
Tennessee,Rutherford,313,160,17,6,3
Georgia,Richmond,309,157,17,6,3
Pennsylvania,Allegheny,308,219,24,8,4
Nevada,Carson City,306,135,15,5,2
Florida,St. Johns,306,133,14,5,2
Connecticut,New Haven,305,190,20,7,3
Florida,Okaloosa,304,140,15,5,2
California,Calaveras,303,125,13,5,2
New York,Albany,302,223,24,8,4
New Jersey,Middlesex,302,166,18,6,3
Oregon,Hood River,298,129,14,5,2
Florida,Leon,296,204,22,8,4
Texas,Randall,296,145,16,5,2
Florida,Lee,291,142,15,5,2
Florida,Polk,290,168,18,6,3
Florida,Escambia,290,160,17,6,3
North Carolina,Guilford,285,194,21,7,3
Delaware,New Castle,283,186,20,7,3
Ohio,Summit,280,176,19,6,3
South Carolina,Greenville,278,147,16,5,3
Florida,Columbia,278,116,12,4,2
Maryland,Montgomery,277,180,19,7,3
Oregon,Lincoln,274,119,13,4,2
Georgia,Cobb,273,147,16,5,3
California,Napa,273,134,14,5,2
Colorado,Arapahoe,269,168,18,6,3
Massachusetts,Bristol,267,162,18,6,3
Florida,Collier,266,157,17,6,3
Texas,Galveston,266,119,13,4,2
Kansas,Sedgwick,264,180,19,7,3
Alabama,Mobile,264,128,14,4,2
Florida,Bay,264,117,12,4,2
Colorado,Jefferson,261,163,18,6,3
Arizona,Santa Cruz,255,122,13,4,2
North Carolina,New Hanover,254,131,14,5,2
Texas,Cameron,254,114,12,4,2
Florida,Clay,253,139,15,5,2
Massachusetts,Norfolk,252,150,16,5,3
New Jersey,Atlantic,250,146,16,5,3
New Jersey,Passaic,249,134,14,5,2
New Hampshire,Hillsborough,248,168,18,6,3
Massachusetts,Essex,248,159,17,6,3
Oregon,Coos,248,108,12,4,2
Texas,Lubbock,247,110,12,4,2
Florida,Flagler,246,104,11,4,2
Wisconsin,Dane,245,154,17,6,3
Oregon,Clatsop,243,105,11,4,2
New Jersey,Mercer,240,145,16,5,3
Pennsylvania,Berks,237,184,20,7,3
Arizona,Yuma,236,113,12,4,2
Texas,Nueces,233,104,11,4,2
Michigan,Kent,232,176,19,6,3
Washington,Benton,231,113,12,4,2
Texas,Bell,228,102,11,4,2
Kansas,Shawnee,227,144,15,5,3
South Carolina,Horry,222,99,11,4,2
Massachusetts,Hampden,221,153,17,6,3
New York,Onondaga,218,169,18,6,3
Pennsylvania,Chester,215,161,17,6,3
Colorado,Larimer,213,113,12,4,2
North Carolina,Forsyth,212,156,17,6,3
Arkansas,Benton,211,106,11,4,2
South Carolina,Richland,207,121,13,4,2
North Carolina,Durham,201,115,12,4,2
Arkansas,Saline,200,94,10,3,2
Missouri,St. Charles,198,102,11,4,2
Florida,Suwannee,198,83,9,3,2
Massachusetts,Plymouth,196,150,16,5,3
Washington,Cowlitz,191,93,10,3,2
Virginia,Richmond,190,98,11,3,2
Nebraska,Lancaster,189,126,14,4,2
Maryland,Washington,189,103,11,4,2
New York,Erie,188,139,15,5,3
Michigan,Genesee,187,123,13,4,2
Washington,Whatcom,187,91,10,3,2
Ohio,Lucas,185,142,15,5,2
Illinois,Kane,184,125,13,4,2
Texas,Hays,184,82,9,3,1
Virginia,Norfolk,182,118,13,4,2
Florida,Hernando,182,85,9,3,2
Texas,Jefferson,181,81,9,3,1
Arkansas,Washington,180,90,10,3,2
Louisiana,Lafayette,179,87,10,3,1
Pennsylvania,Dauphin,177,115,12,4,2
South Carolina,Florence,177,78,9,3,1
Maryland,Frederick,176,97,10,4,2
Texas,Smith,176,79,9,3,1
Alabama,Shelby,174,93,10,3,2
Arizona,Yavapai,173,83,9,3,1
Texas,Orange,172,77,8,3,1
New York,Orange,171,108,12,4,2
Michigan,Oakland,170,112,12,4,2
South Carolina,Spartanburg,170,90,10,3,2
Nebraska,Sarpy,169,128,14,5,2
Illinois,DeKalb,169,110,12,4,2
Louisiana,East Baton Rouge,169,89,9,3,2
Maryland,Anne Arundel,168,100,11,4,2
California,Tuolumne,168,69,7,3,1
Virginia,Falls Church,167,109,11,4,2
Oregon,Umatilla,167,72,8,3,1
Missouri,St. Louis,166,118,13,4,2
Utah,Davis,166,96,10,3,2
Maryland,Prince George's,166,92,10,3,2
Oregon,Jefferson,165,74,8,3,1
South Carolina,Sumter,163,72,8,3,1
Missouri,Greene,161,99,11,3,2
Tennessee,Madison,161,66,7,2,1
California,Mono,160,65,7,2,1
Illinois,St. Clair,159,75,8,3,1
Florida,Lake,159,74,8,3,1
Michigan,Ingham,158,120,13,4,2
Rhode Island,Providence,158,112,12,4,2
Vermont,Chittenden,157,99,11,4,2
New Mexico,Santa Fe,157,78,8,3,1
California,Nevada,157,75,8,3,1
Florida,Highlands,157,63,7,2,1
New Jersey,Union,155,102,11,4,2
Pennsylvania,Delaware,155,97,10,4,2
Georgia,Muscogee,155,95,10,3,2
Texas,Brazoria,155,70,8,3,1
New Jersey,Monmouth,154,93,10,3,2
Colorado,Boulder,151,94,10,3,2
Texas,Comal,151,67,7,2,1
New Jersey,Morris,150,97,10,4,2
New Mexico,Valencia,149,74,8,3,1
Oregon,Douglas,149,65,7,2,1
Maine,Cumberland,146,105,11,4,2
Florida,Bradford,146,66,7,2,1
New York,Dutchess,144,109,12,4,2
New Jersey,Gloucester,144,85,9,3,1
Virginia,Virginia Beach,144,85,9,3,1
South Carolina,Lexington,144,84,9,3,2
Pennsylvania,Lehigh,144,83,9,3,2
Tennessee,Hamilton,144,74,8,3,1
Washington,Franklin,144,70,8,3,1
Washington,Skagit,142,69,7,3,1
Colorado,Adams,141,88,9,3,2
Georgia,Clayton,141,63,7,2,1
New Jersey,Burlington,140,99,11,4,2
Alaska,Fairbanks North Star,140,82,9,3,2
Arizona,Cochise,140,67,7,2,1
Ohio,Butler,139,77,8,3,1
Florida,Putnam,139,62,7,2,1
Maine,Androscoggin,137,99,11,4,2
Alabama,Madison,137,83,9,3,2
New York,Schenectady,135,96,10,3,2
South Carolina,York,135,79,9,3,1
Oregon,Tillamook,135,58,6,2,1
Pennsylvania,Lancaster,134,100,11,4,2
South Dakota,Minnehaha,134,77,8,3,1
Washington,Mason,134,65,7,2,1
Georgia,Forsyth,134,60,6,2,1
Idaho,Kootenai,134,60,6,2,1
Washington,Yakima,131,64,7,2,1
Georgia,Clarke,130,73,8,3,1
Pennsylvania,Erie,129,100,11,4,2
Colorado,Douglas,128,80,9,3,1
Maryland,Howard,128,62,7,2,1
Kentucky,Kenton,127,69,7,3,1
Illinois,Winnebago,126,82,9,3,1
Florida,Charlotte,126,63,7,2,1
Virginia,Loudoun,126,61,7,2,1
South Carolina,Darlington,126,56,6,2,1
Illinois,Sangamon,125,86,9,3,1
Texas,Ellis,125,56,6,2,1
New York,Ulster,124,76,8,3,1
Colorado,Pueblo,124,66,7,2,1
Georgia,Douglas,124,55,6,2,1
Rhode Island,Bristol,122,86,9,3,1
Alabama,Lauderdale,122,60,7,2,1
Minnesota,Anoka,122,59,6,2,1
Utah,Weber,121,70,8,3,1
South Carolina,Anderson,121,64,7,2,1
Georgia,Rockdale,121,54,6,2,1
Texas,Ector,121,54,6,2,1
Texas,Midland,121,54,6,2,1
New Jersey,Ocean,118,77,8,3,1
Pennsylvania,York,118,77,8,3,1
Colorado,Weld,118,63,7,2,1
North Carolina,Watauga,118,54,6,2,1
Georgia,Henry,118,52,6,2,1
Tennessee,Tipton,118,48,5,2,1
Illinois,DuPage,117,85,9,3,1
Massachusetts,Hampshire,117,83,9,3,2
Michigan,Macomb,116,81,9,3,1
Arkansas,Lonoke,116,55,6,2,1
Connecticut,Middlesex,115,72,8,3,1
Texas,Guadalupe,115,52,6,2,1
Georgia,Bibb,115,51,5,2,1
South Carolina,Pickens,114,60,6,2,1
New Mexico,Dona Ana,114,56,6,2,1
Texas,Taylor,114,51,6,2,1
Pennsylvania,Northampton,113,66,7,2,1
Florida,Citrus,113,53,6,2,1
Connecticut,Tolland,112,70,7,3,1
Illinois,Will,111,69,8,3,1
New York,Rockland,111,65,7,2,1
Montana,Yellowstone,111,62,7,2,1
Minnesota,Dakota,111,54,6,2,1
Michigan,Calhoun,110,67,7,2,1
Florida,Santa Rosa,110,61,7,2,1
Oklahoma,Canadian,109,58,6,2,1
Texas,Johnson,109,51,5,2,1
Arkansas,Faulkner,109,50,5,2,1
Connecticut,New London,108,68,7,2,1
New York,Suffolk,107,81,9,3,1
Michigan,Washtenaw,107,79,9,3,1
Illinois,Lake,107,68,7,2,1
Virginia,Arlington,107,65,7,2,1
Mississippi,Hinds,107,62,7,2,1
Utah,Utah,106,52,6,2,1
Washington,Walla Walla,105,51,6,2,1
New Jersey,Somerset,104,80,9,3,1
Indiana,Lake,104,66,7,2,1
Alaska,Juneau,103,60,7,2,1
California,Plumas,103,47,5,2,1
Texas,Kaufman,102,46,5,2,1
Michigan,Saginaw,101,74,8,3,1
North Carolina,Gaston,101,58,6,2,1
Georgia,Fayette,101,45,5,2,1
Idaho,Madison,101,45,5,2,1
Indiana,Vanderburgh,100,64,7,2,1
Florida,Sumter,100,47,5,2,1
California,Lassen,100,45,5,2,1
Arizona,Mohave,99,47,5,2,1
Texas,Grayson,99,44,5,2,1
Mississippi,Harrison,99,43,5,2,1
Maine,York,98,71,8,3,1
North Carolina,Cabarrus,98,54,6,2,1
Rhode Island,Kent,97,68,7,2,1
Pennsylvania,Bucks,97,66,7,2,1
Illinois,Kendall,97,60,7,2,1
Tennessee,Hamblen,97,43,5,2,1
Virginia,Fairfax,96,63,7,2,1
Oregon,Crook,96,42,5,2,1
Florida,DeSoto,96,38,4,1,1
Wisconsin,Waukesha,95,70,8,3,1
West Virginia,Cabell,95,54,6,2,1
Montana,Silver Bow,95,53,6,2,1
California,Siskiyou,95,44,5,2,1
Alabama,Baldwin,94,46,5,2,1
Florida,Hamilton,94,40,4,1,1
Maryland,Calvert,93,48,5,2,1
Texas,Hood,93,42,5,2,1
Georgia,Cherokee,93,41,4,1,1
New Jersey,Bergen,92,72,8,3,1
Missouri,Jasper,92,56,6,2,1
Alabama,St. Clair,92,49,5,2,1
Minnesota,Washington,92,45,5,2,1
Idaho,Bannock,92,41,4,1,1
Indiana,Hamilton,90,57,6,2,1
Kansas,Johnson,90,50,5,2,1
Oregon,Union,90,39,4,1,1
Maryland,Wicomico,89,58,6,2,1
Alabama,Montgomery,89,54,6,2,1
Massachusetts,Barnstable,87,54,6,2,1
Arkansas,Craighead,87,39,4,1,1
Virginia,Charlottesville,86,56,6,2,1
Florida,Nassau,86,47,5,2,1
South Carolina,Kershaw,86,38,4,1,1
California,Mariposa,86,35,4,1,1
Wisconsin,Racine,85,61,7,2,1
New Hampshire,Rockingham,85,52,6,2,1
Missouri,Buchanan,85,52,5,2,1
Colorado,Summit,85,45,5,2,1
Georgia,Paulding,85,38,4,1,1
Arkansas,Garland,84,38,4,1,1
Florida,Jackson,84,37,4,1,1
Texas,Wichita,83,49,5,2,1
Montana,Missoula,83,47,5,2,1
Maryland,Charles,83,43,5,1,1
Texas,McLennan,83,42,4,1,1
Alabama,Colbert,83,41,4,2,1
Colorado,Mesa,82,44,5,2,1
South Carolina,Dillon,82,36,4,1,1
Maine,Kennebec,81,58,6,2,1
Maryland,Allegany,81,44,5,2,1
South Carolina,Charleston,81,44,5,2,1
Tennessee,Washington,81,41,5,1,1
Florida,Walton,81,37,4,1,1
Michigan,Ottawa,80,55,6,2,1
Wyoming,Laramie,80,47,5,2,1
Tennessee,Sullivan,80,40,4,1,1
Georgia,Barrow,80,36,4,1,1
Texas,Angelina,80,36,4,1,1
Texas,Bowie,80,36,4,1,1
Oregon,Curry,80,35,4,1,1
North Carolina,Orange,79,47,5,2,1
Georgia,Hall,79,35,4,1,1
Florida,Okeechobee,79,32,3,1,0
Louisiana,Caddo,78,46,5,2,1
Colorado,Teller,78,42,4,2,1
Washington,Asotin,78,38,4,1,1
Texas,Hunt,78,35,4,1,1
Texas,Victoria,78,35,4,1,1
Minnesota,Sherburne,77,38,4,1,1
Oregon,Klamath,77,33,4,1,1
Florida,Hardee,77,31,3,1,0
Ohio,Stark,76,51,6,2,1
Indiana,St. Joseph,76,48,5,2,1
Washington,Grays Harbor,76,37,4,1,1
Georgia,Columbia,76,34,4,1,1
Pennsylvania,Montgomery,75,49,5,2,1
North Carolina,Catawba,75,41,4,1,1
Oregon,Wasco,75,32,4,1,1
Tennessee,Gibson,75,31,3,1,1
Pennsylvania,Lackawanna,74,54,6,2,1
Virginia,Franklin,74,48,5,2,1
South Carolina,Dorchester,74,41,4,2,1
Kentucky,Campbell,74,40,4,1,1
South Carolina,Greenwood,74,39,4,1,1
Arizona,Gila,74,36,4,1,1
New Mexico,Sandoval,74,36,4,1,1
Washington,Grant,74,36,4,1,1
Georgia,Catoosa,74,33,4,1,1
New Hampshire,Strafford,73,45,5,2,1
Ohio,Medina,73,40,4,1,1
Tennessee,Bradley,73,38,4,1,1
Virginia,Henrico,73,38,4,1,1
Florida,Gilchrist,73,33,4,1,1
Texas,San Patricio,73,33,4,1,1
New Mexico,Curry,72,35,4,1,1
Washington,Lewis,72,35,4,1,1
Arizona,Navajo,72,34,4,1,1
New York,Saratoga,71,54,6,2,1
Virginia,Fairfax,71,46,5,2,1
Indiana,Allen,71,45,5,2,1
Oklahoma,Pottawatomie,71,33,4,1,1
Virginia,Fredericksburg,70,42,4,1,1
Idaho,Bonneville,70,31,3,1,1
Idaho,Payette,70,31,3,1,1
Illinois,Macon,69,49,5,2,1
Connecticut,Windham,69,43,5,2,1
Maryland,Harford,69,42,5,2,1
North Carolina,Alamance,69,38,4,1,1
Ohio,Greene,69,38,4,1,1
Georgia,Houston,69,31,3,1,1
South Carolina,Marion,69,31,3,1,1
Mississippi,Jackson,69,30,3,1,0
Montana,Gallatin,68,38,4,1,1
Ohio,Warren,68,38,4,1,1
Colorado,Gilpin,68,36,4,1,1
South Carolina,Cherokee,68,36,4,1,1
Minnesota,Wright,68,33,4,1,1
Texas,Walker,68,30,3,1,1
New York,Rensselaer,67,48,5,2,1
Mississippi,Rankin,67,39,4,2,1
Kansas,Douglas,67,39,4,1,1
Georgia,Newton,67,30,3,1,1
Texas,Waller,67,30,3,1,1
North Carolina,Wilkes,67,30,3,1,0
Tennessee,Dyer,67,27,3,1,0
New York,Clinton,66,52,6,2,1
Ohio,Mahoning,66,48,5,2,1
Virginia,Alexandria,66,47,5,2,1
Florida,Gadsden,66,46,5,2,1
Indiana,Floyd,66,42,5,2,1
Alabama,Morgan,66,40,4,1,1
Florida,Osceola,66,39,4,1,1
Georgia,Whitfield,66,30,3,1,1
Texas,Bastrop,66,30,3,1,1
Texas,Henderson,66,30,3,1,1
Florida,Holmes,66,29,3,1,0
Florida,Washington,65,29,3,1,0
Virginia,Winchester,64,44,5,2,1
Maryland,Carroll,64,38,4,1,1
Ohio,Delaware,64,36,4,1,1
Missouri,Jefferson,64,35,4,1,1
Louisiana,Ascension,64,34,4,1,1
California,Inyo,64,26,3,1,0
Virginia,Harrisonburg,63,43,5,2,1
North Carolina,Union,63,35,4,1,1
Illinois,Madison,63,33,4,1,1
Texas,Rockwall,63,28,3,1,0
Virginia,Williamsburg,62,41,4,2,1
Virginia,Newport News,62,40,4,2,1
South Carolina,Aiken,62,36,4,1,1
Washington,Clallam,62,30,3,1,1
South Carolina,Marlboro,62,28,3,1,0
New York,Tompkins,61,49,5,2,1
New York,Broome,61,46,5,2,1
Connecticut,Litchfield,61,38,4,1,1
Pennsylvania,Cumberland,61,36,4,1,1
Ohio,Clark,61,34,4,1,1
Ohio,Clermont,61,34,4,1,1
Texas,Titus,61,27,3,1,0
Maine,Sagadahoc,60,44,5,2,1
Maryland,Cecil,60,36,4,1,1
Montana,Cascade,60,34,4,1,1
Kentucky,Boone,60,33,4,1,1
Georgia,Spalding,60,27,3,1,0
South Carolina,Chesterfield,60,27,3,1,0
South Carolina,Georgetown,60,27,3,1,0
Tennessee,Anderson,60,26,3,1,0
Ohio,Trumbull,59,32,3,1,1
Washington,San Juan,59,29,3,1,1
Idaho,Nez Perce,59,26,3,1,0
Tennessee,Blount,59,26,3,1,0
Texas,Webb,59,26,3,1,0
Michigan,Muskegon,58,37,4,1,1
Ohio,Lorain,58,32,3,1,1
Colorado,Eagle,58,31,3,1,1
Minnesota,Scott,58,28,3,1,1
Florida,Hendry,58,23,2,1,0
West Virginia,Kanawha,57,45,5,1,1
Virginia,Roanoke,57,42,5,2,1
Wisconsin,Brown,57,42,5,2,1
Michigan,Jackson,57,38,4,1,1
Indiana,Johnson,57,36,4,1,1
South Carolina,Lancaster,57,34,4,1,1
North Carolina,Davidson,57,32,3,1,1
Ohio,Portage,57,32,3,1,1
North Carolina,Henderson,57,31,3,1,1
Colorado,Fremont,57,30,3,1,1
Colorado,La Plata,57,30,3,1,1
Utah,Wasatch,57,28,3,1,1
Utah,Summit,57,28,3,1,0
Texas,Coryell,57,26,3,1,0
Texas,Harrison,57,26,3,1,0
Texas,Tom Green,57,26,3,1,0
Illinois,Peoria,56,41,4,1,0
Massachusetts,Berkshire,56,40,4,1,1
Indiana,Elkhart,56,35,4,1,1
Louisiana,St. Tammany,56,31,3,1,1
Washington,Chelan,56,27,3,1,0
Texas,Caldwell,56,25,3,1,0
Nevada,Douglas,56,24,3,1,0
California,Alpine,56,23,2,1,0
Pennsylvania,Luzerne,55,40,4,1,1
Missouri,Christian,55,33,4,1,1
Ohio,Licking,55,30,3,1,1
South Carolina,Beaufort,55,30,3,1,1
Tennessee,Chester,55,22,2,1,0
Tennessee,Weakley,55,22,2,1,0
Ohio,Fairfield,54,30,3,1,1
South Carolina,Oconee,54,28,3,1,1
Georgia,Coweta,54,24,3,1,0
Tennessee,Loudon,54,24,3,1,0
Delaware,Kent,53,35,4,1,1
North Carolina,Iredell,53,30,3,1,1
Pennsylvania,Lebanon,53,30,3,1,1
North Carolina,Rowan,53,29,3,1,1
Arizona,Graham,53,26,3,1,0
Georgia,Dougherty,53,24,3,1,0
Texas,Upshur,53,24,3,1,0
Florida,Lafayette,53,22,2,1,0
Iowa,Woodbury,52,40,4,1,1
North Carolina,Avery,52,24,3,1,0
Texas,Nacogdoches,52,24,3,1,0
South Carolina,Clarendon,52,23,3,1,0
Tennessee,Obion,52,22,2,1,0
West Virginia,Berkeley,51,30,3,1,1
North Carolina,Pitt,51,28,3,1,1
Colorado,Delta,51,27,3,1,0
Arkansas,Crittenden,51,23,3,1,0
Idaho,Twin Falls,51,23,2,1,0
North Carolina,Mitchell,51,23,2,1,0
Texas,Liberty,51,23,2,1,0
New Jersey,Warren,50,34,4,1,1
Virginia,Portsmouth,50,34,4,1,1
South Dakota,Lincoln,50,28,3,1,1
Maryland,St. Mary's,50,26,3,1,0
Tennessee,Crockett,50,20,2,1,0
Tennessee,Fayette,50,20,2,1,0
Tennessee,Henry,50,20,2,1,0
Tennessee,Lauderdale,50,20,2,1,0
New Jersey,Hunterdon,49,34,4,1,1
Mississippi,Madison,49,28,3,1,1
Virginia,Manassas Park,49,28,3,1,1
Louisiana,Livingston,49,27,3,1,1
New Mexico,San Juan,49,24,3,1,0
Texas,Camp,49,22,2,1,0
Texas,Hardin,49,22,2,1,0
Texas,Van Zandt,49,22,2,1,0
Illinois,McHenry,48,38,4,1,1
New York,Niagara,48,35,4,1,1
Texas,Brazos,48,30,3,1,1
Washington,Douglas,48,24,3,1,0
Washington,Whitman,48,23,3,1,0
Arizona,Coconino,48,23,2,1,0
Arkansas,Pope,48,22,2,1,0
South Carolina,Lee,48,22,2,1,0
Texas,Wood,48,22,2,1,0
Georgia,Walton,48,21,2,1,0
Tennessee,Henderson,48,20,2,1,0
New York,Oneida,47,33,4,1,1
Indiana,Hendricks,47,30,3,1,1
Missouri,Newton,47,28,3,1,0
Ohio,Allen,47,26,3,1,0
Minnesota,Chisago,47,23,2,1,0
Idaho,Jerome,47,21,2,1,0
Michigan,Monroe,46,36,4,1,1
New Jersey,Sussex,46,32,4,1,1
Virginia,Chesapeake,46,30,3,1,1
Kansas,Leavenworth,46,27,3,1,0
Missouri,Boone,46,25,3,1,0
Alabama,Franklin,46,23,2,1,0
Arkansas,Greene,46,21,2,1,0
North Carolina,Ashe,46,21,2,1,0
Indiana,Tippecanoe,45,29,3,1,1
Alabama,Limestone,45,27,3,1,1
North Carolina,Lincoln,45,26,3,1,0
North Carolina,Lee,45,25,3,1,0
South Carolina,Berkeley,45,25,3,1,0
Ohio,Miami,45,24,3,1,0
South Carolina,Laurens,45,24,3,1,0
Alabama,Lawrence,45,22,2,1,0
California,Sierra,45,21,2,1,0
Oklahoma,Logan,45,21,2,1,0
Arkansas,Baxter,45,20,2,1,0
Tennessee,Jefferson,45,20,2,1,0
Texas,Rusk,45,20,2,1,0
Indiana,Monroe,44,28,3,1,0
North Carolina,Wayne,44,24,3,1,0
Ohio,Richland,44,24,3,1,0
Oklahoma,Wagoner,44,24,3,1,0
Arkansas,Miller,44,20,2,1,0
Florida,Levy,44,20,2,1,0
Idaho,Latah,44,20,2,1,0
West Virginia,Putnam,43,34,4,1,1
Virginia,Salem,43,32,3,1,1
Wisconsin,Washington,43,32,3,1,1
Iowa,Scott,43,30,3,1,1
Illinois,Boone,43,28,3,1,1
Delaware,Sussex,43,28,3,1,0
North Carolina,Wilson,43,24,3,1,0
Colorado,Clear Creek,43,23,2,1,0
Texas,Anderson,43,19,2,1,0
Texas,Lamar,43,19,2,1,0
Texas,Washington,43,19,2,1,0
Tennessee,Carroll,43,18,2,1,0
Illinois,Champaign,42,33,4,1,1
North Carolina,Johnston,42,23,3,1,0
Ohio,Lake,42,23,2,1,0
North Carolina,Brunswick,42,22,2,1,0
Virginia,Chesterfield,42,22,2,1,0
Minnesota,Stearns,42,21,2,1,0
Arizona,Apache,42,20,2,1,0
Texas,Wilson,42,19,2,1,0
Tennessee,McNairy,42,17,2,1,0
Wisconsin,Winnebago,41,30,3,1,1
Pennsylvania,Westmoreland,41,30,3,1,0
Virginia,Hampton,41,27,3,1,0
Indiana,Porter,41,26,3,1,0
Illinois,Kankakee,41,24,3,1,0
West Virginia,Monongalia,41,24,3,1,0
Colorado,Morgan,41,22,2,1,0
Ohio,Geauga,41,22,2,1,0
Washington,Kittitas,41,20,2,1,0
North Carolina,Yancey,41,19,2,1,0
Florida,Calhoun,41,18,2,1,0
Georgia,Carroll,41,18,2,1,0
Mississippi,Hancock,41,18,2,1,0
Tennessee,Sevier,41,18,2,1,0
Massachusetts,Franklin,40,28,3,1,1
West Virginia,Jefferson,40,24,3,1,0
Kentucky,Boyd,40,22,2,1,0
Kentucky,Oldham,40,22,2,1,0
Louisiana,Tangipahoa,40,22,2,1,0
Colorado,Alamosa,40,21,2,1,0
Minnesota,Carver,40,19,2,1,0
Washington,Pacific,40,19,2,1,0
Washington,Stevens,40,19,2,1,0
Georgia,Bartow,40,18,2,1,0
Georgia,Lowndes,40,18,2,1,0
Texas,Kendall,40,18,2,1,0
Texas,Morris,40,18,2,1,0
Texas,Starr,40,18,2,1,0
Tennessee,Hardin,40,16,2,1,0
Michigan,Grand Traverse,39,30,3,1,1
Illinois,Tazewell,39,28,3,1,0
Wisconsin,Outagamie,39,28,3,1,0
Indiana,Delaware,39,25,3,1,0
Indiana,Clark,39,24,3,1,0
New Jersey,Cumberland,39,23,3,1,0
Louisiana,Bossier,39,23,2,1,0
Pennsylvania,Monroe,39,23,2,1,0
Virginia,Lexington,39,23,2,1,0
North Carolina,Onslow,39,22,2,1,0
Alabama,Marion,39,20,2,1,0
Arkansas,Boone,39,18,2,1,0
Oregon,Morrow,39,17,2,1,0
Indiana,Madison,38,24,3,1,0
Alabama,Elmore,38,23,3,1,0
Alaska,Matanuska-Susitna,38,22,2,1,0
North Carolina,Harnett,38,21,2,1,0
Idaho,Gem,38,17,2,1,0
South Carolina,Williamsburg,38,17,2,1,0
Texas,Cherokee,38,17,2,1,0
Texas,Jim Wells,38,17,2,1,0
Vermont,Washington,37,25,3,1,0
Indiana,Howard,37,24,3,1,0
North Carolina,Cleveland,37,22,2,1,0
Missouri,Cole,37,20,2,1,0
Ohio,Wayne,37,20,2,1,0
Alabama,Winston,37,18,2,1,0
Oregon,Baker,37,16,2,1,0
Tennessee,Hardeman,37,15,2,1,0
Tennessee,Houston,37,15,2,1,0
Tennessee,Lake,37,15,2,1,0
North Dakota,Cass,36,28,3,1,1
Iowa,Linn,36,25,3,1,0
West Virginia,Wood,36,21,2,1,0
Kentucky,Jessamine,36,20,2,1,0
Montana,Lewis and Clark,36,20,2,1,0
North Carolina,Randolph,36,20,2,1,0
Ohio,Columbiana,36,20,2,1,0
Ohio,Wood,36,20,2,1,0
Colorado,Garfield,36,19,2,1,0
Colorado,Lake,36,19,2,1,0
Arkansas,Carroll,36,18,2,1,0
Minnesota,Benton,36,18,2,1,0
Tennessee,Carter,36,18,2,1,0
Texas,Kerr,36,16,2,1,0
New York,Cayuga,35,27,3,1,0
New York,Oswego,35,27,3,1,0
Nebraska,Dakota,35,26,3,1,0
Indiana,Vigo,35,22,2,1,0
New Hampshire,Merrimack,35,22,2,1,0
Illinois,McLean,35,21,2,1,0
Montana,Lake,35,20,2,1,0
North Carolina,Burke,35,20,2,1,0
North Carolina,Nash,35,20,2,1,0
Pennsylvania,Blair,35,20,2,1,0
North Carolina,Caldwell,35,19,2,1,0
Colorado,Montrose,35,18,2,1,0
Georgia,Floyd,35,16,2,1,0
Texas,Aransas,35,16,2,1,0
Texas,Austin,35,16,2,1,0
Texas,Hopkins,35,16,2,1,0
Texas,Navarro,35,16,2,1,0
Texas,Somervell,35,16,2,1,0
Mississippi,Pearl River,35,15,2,1,0
Tennessee,Benton,35,14,2,1,0
Wisconsin,La Crosse,34,25,3,1,0
Minnesota,Olmsted,34,20,2,1,0
South Carolina,Orangeburg,34,20,2,1,0
Montana,Flathead,34,19,2,1,0
Missouri,Clay,34,18,2,1,0
North Carolina,Vance,34,18,2,1,0
North Carolina,Alleghany,34,16,2,1,0
Arkansas,Hot Spring,34,15,2,1,0
Florida,Gulf,34,15,2,1,0
Georgia,Peach,34,15,2,1,0
Idaho,Minidoka,34,15,2,1,0
Texas,Cooke,34,15,2,1,0
Texas,Maverick,34,15,2,1,0
Texas,Rains,34,15,2,1,0
Texas,San Jacinto,34,15,2,1,0
Michigan,Lenawee,33,24,3,1,0
Virginia,Lynchburg,33,20,2,1,0
Wyoming,Natrona,33,20,2,1,0
Kansas,Riley,33,19,2,1,0
Montana,Ravalli,33,19,2,1,0
Utah,Cache,33,19,2,1,0
Virginia,Manassas,33,19,2,1,0
Colorado,Chaffee,33,18,2,1,0
Colorado,Pitkin,33,18,2,1,0
North Carolina,Rockingham,33,18,2,1,0
Mississippi,DeSoto,33,17,2,1,0
Minnesota,Isanti,33,16,2,1,0
Georgia,Jackson,33,15,2,1,0
Georgia,Oconee,33,15,2,1,0
Texas,Burnet,33,15,2,1,0
Texas,Polk,33,15,2,1,0
Florida,Wakulla,32,22,2,1,0
Illinois,Grundy,32,20,2,1,0
Kentucky,Bullitt,32,18,2,1,0
Kentucky,McCracken,32,17,2,1,0
Louisiana,Calcasieu,32,17,2,1,0
Washington,Jefferson,32,16,2,1,0
Washington,Wahkiakum,32,16,2,1,0
Oklahoma,Washington,32,16,2,0,0
Arkansas,Mississippi,32,15,2,1,0
Oklahoma,Seminole,32,15,2,1,0
Georgia,Baldwin,32,14,2,1,0
Texas,Brown,32,14,2,1,0
Texas,Chambers,32,14,2,1,0
Tennessee,Haywood,32,13,1,0,0
New York,Chemung,31,23,3,1,0
Wisconsin,Kenosha,31,23,2,1,0
Wisconsin,Rock,31,23,2,1,0
Maine,Lincoln,31,22,2,1,0
Pennsylvania,Beaver,31,22,2,1,0
Virginia,Colonial Heights,31,18,2,1,0
North Carolina,Davie,31,17,2,1,0
New Mexico,Lea,31,15,2,1,0
New Mexico,Taos,31,15,2,1,0
California,Modoc,31,14,2,1,0
Texas,Howard,31,14,1,1,0
Tennessee,Decatur,31,13,1,0,0
New York,Sullivan,30,24,3,1,0
New York,Genesee,30,22,2,1,0
Pennsylvania,Lawrence,30,22,2,1,0
Vermont,Franklin,30,20,2,1,0
Indiana,Hancock,30,19,2,1,0
Michigan,St. Clair,30,19,2,1,0
Mississippi,Warren,30,18,2,1,0
Ohio,Jefferson,30,17,2,1,0
Pennsylvania,Cambria,30,17,2,1,0
Kentucky,Franklin,30,16,2,1,0
North Carolina,Stanly,30,16,2,1,0
Tennessee,McMinn,30,15,2,1,0
Arizona,Greenlee,30,14,2,1,0
Arizona,La Paz,30,14,2,1,0
Idaho,Jefferson,30,14,1,0,0
Texas,Fannin,30,14,1,0,0
Texas,Wharton,30,14,1,0,0
Tennessee,Humphreys,30,12,1,0,0
New York,Ontario,29,23,3,1,0
Oklahoma,Payne,29,22,3,1,0
New York,Columbia,29,22,2,1,1
Maine,Waldo,29,21,2,1,0
Rhode Island,Newport,29,20,2,1,0
New Hampshire,Belknap,29,18,2,1,0
Virginia,Hopewell,29,17,2,1,0
North Carolina,Lenoir,29,16,2,1,0
Ohio,Marion,29,16,2,1,0
Ohio,Tuscarawas,29,16,2,1,0
South Dakota,Davison,29,16,2,1,0
Oklahoma,Rogers,29,15,2,0,0
Alabama,Lee,29,14,1,1,0
Oklahoma,Lincoln,29,13,1,1,0
Georgia,Gordon,29,13,1,0,0
Georgia,Habersham,29,13,1,0,0
Georgia,Walker,29,13,1,0,0
Idaho,Teton,29,13,1,0,0
Texas,Atascosa,29,13,1,0,0
Texas,Bee,29,13,1,0,0
Texas,Franklin,29,13,1,0,0
Texas,Hale,29,13,1,0,0
Texas,Jasper,29,13,1,0,0
New York,Chautauqua,28,22,2,1,0
Pennsylvania,Washington,28,21,2,1,0
Iowa,Black Hawk,28,20,2,1,0
New York,Madison,28,19,2,1,0
Vermont,Rutland,28,19,2,1,0
Alabama,Autauga,28,17,2,1,0
West Virginia,Marion,28,17,2,1,0
North Carolina,Alexander,28,16,2,1,0
North Carolina,Pasquotank,28,16,2,1,0
North Carolina,Robeson,28,16,2,1,0
Pennsylvania,Adams,28,16,2,1,0
Pennsylvania,Franklin,28,16,2,1,0
Pennsylvania,Northumberland,28,16,2,1,0
Tennessee,Wilson,28,16,2,1,0
Colorado,Otero,28,15,2,1,0
Missouri,Cass,28,15,2,1,0
Missouri,St. Francois,28,15,2,1,0
South Carolina,Union,28,14,2,1,0
Georgia,Tift,28,12,1,0,0
Georgia,Troup,28,12,1,0,0
Texas,Erath,28,12,1,0,0
Texas,Medina,28,12,1,0,0
Maine,Penobscot,27,20,2,1,0
Pennsylvania,Butler,27,20,2,1,0
Maryland,Worcester,27,17,2,1,0
Michigan,Bay,27,17,2,1,0
Pennsylvania,Schuylkill,27,16,2,1,0
South Dakota,Yankton,27,16,2,1,0
Wyoming,Sheridan,27,16,2,1,0
Kentucky,Warren,27,15,2,1,0
North Carolina,Craven,27,15,2,1,0
North Carolina,Surry,27,15,2,1,0
Missouri,Lincoln,27,14,2,1,0
New Mexico,McKinley,27,14,1,0,0
Minnesota,Carlton,27,13,2,1,0
New Mexico,Eddy,27,13,1,0,0
Georgia,Stephens,27,12,1,0,0
Idaho,Bingham,27,12,1,0,0
Idaho,Bonner,27,12,1,0,0
Idaho,Gooding,27,12,1,0,0
Iowa,Pottawattamie,26,19,2,1,0
Virginia,Covington,26,19,2,1,0
Illinois,Rock Island,26,18,2,1,0
Iowa,Johnson,26,18,2,1,0
Oklahoma,Creek,26,17,2,1,0
Tennessee,Montgomery,26,17,2,1,0
Tennessee,Williamson,26,17,2,1,0
New Jersey,Cape May,26,16,2,1,0
West Virginia,Harrison,26,15,2,1,0
Tennessee,Putnam,26,15,2,0,0
Kentucky,Daviess,26,14,2,1,0
Ohio,Sandusky,26,14,2,1,0
South Carolina,Edgefield,26,14,1,1,0
Georgia,Glynn,26,11,1,0,0
Rhode Island,Washington,25,18,2,1,0
Wisconsin,Walworth,25,18,2,1,0
Vermont,Windsor,25,17,2,1,0
Indiana,Bartholomew,25,16,2,1,0
Michigan,Midland,25,16,2,1,0
South Dakota,Brookings,25,15,2,1,0
Texas,Wise,25,15,2,1,0
Oklahoma,Muskogee,25,14,2,1,0
Missouri,Cape Girardeau,25,14,1,1,0
Ohio,Hancock,25,14,1,1,0
Montana,Deer Lodge,25,14,2,0,0
North Carolina,Moore,25,14,1,0,0
Colorado,Rio Grande,25,13,1,0,0
Tennessee,Hawkins,25,13,1,0,0
Washington,Klickitat,25,12,1,0,0
Georgia,Polk,25,11,1,0,0
Texas,Cass,25,11,1,0,0
Tennessee,Stewart,25,10,1,0,0
Iowa,Dallas,24,16,2,1,0
Tennessee,Sumner,24,16,2,1,0
Vermont,Bennington,24,16,2,1,0
Vermont,Windham,24,16,2,1,0
Indiana,LaPorte,24,15,2,1,0
Missouri,Webster,24,15,2,1,0
New Hampshire,Cheshire,24,15,2,1,0
Louisiana,Ouachita,24,15,2,0,0
Alaska,Kenai Peninsula,24,14,2,1,0
Kansas,Geary,24,14,2,1,0
Pennsylvania,Carbon,24,14,2,1,0
South Carolina,Newberry,24,14,2,1,0
South Dakota,Codington,24,14,2,1,0
Wyoming,Uinta,24,14,2,0,0
North Carolina,Franklin,24,14,1,0,0
West Virginia,Wayne,24,14,1,0,0
Kentucky,Madison,24,13,1,0,0
North Carolina,Hoke,24,13,1,0,0
North Carolina,Rutherford,24,13,1,0,0
Ohio,Lawrence,24,13,1,0,0
South Carolina,Abbeville,24,13,1,0,0
Louisiana,St. John the Baptist,24,12,1,0,0
Missouri,Warren,24,12,1,0,0
Tennessee,Greene,24,12,1,0,0
Arkansas,Conway,24,11,1,0,0
Arkansas,Johnson,24,11,1,0,0
Idaho,Franklin,24,11,1,0,0
Texas,Shelby,24,11,1,0,0
Georgia,Butts,24,10,1,0,0
Georgia,Pickens,24,10,1,0,0
Mississippi,George,24,10,1,0,0
New York,Greene,23,17,2,0,0
Vermont,Lamoille,23,16,2,1,0
West Virginia,Mercer,23,14,1,1,0
South Carolina,Chester,23,14,1,0,0
Ohio,Belmont,23,13,1,0,0
Ohio,Scioto,23,13,1,0,0
South Dakota,Pennington,23,13,1,0,0
Colorado,Elbert,23,12,1,0,0
Colorado,Logan,23,12,1,0,0
Colorado,Montezuma,23,12,1,0,0
Louisiana,St. Charles,23,12,1,0,0
North Carolina,Pender,23,12,1,0,0
North Carolina,Scotland,23,12,1,0,0
North Carolina,Yadkin,23,12,1,0,0
Ohio,Athens,23,12,1,0,0
Ohio,Muskingum,23,12,1,0,0
Tennessee,Rhea,23,12,1,0,0
New Mexico,Chaves,23,11,1,0,0
Washington,Adams,23,11,1,0,0
Alabama,Houston,23,10,1,0,0
Texas,Kleberg,23,10,1,0,0
Texas,Panola,23,10,1,0,0
Texas,Willacy,23,10,1,0,0
Florida,Glades,23,9,1,0,0
Maine,Knox,22,16,2,1,0
Wisconsin,Eau Claire,22,16,2,1,0
Indiana,Grant,22,14,2,1,0
Indiana,Morgan,22,14,2,1,0
Indiana,Wayne,22,14,2,1,0
Michigan,Allegan,22,14,2,1,0
Oklahoma,Osage,22,14,2,1,0
Illinois,Vermilion,22,13,1,1,0
Alaska,Ketchikan Gateway,22,13,1,0,0
Alaska,Skagway,22,13,1,0,0
Kansas,Saline,22,13,1,0,0
Virginia,Radford,22,13,1,0,0
Wyoming,Campbell,22,13,1,0,0
Kentucky,Hardin,22,12,1,0,0
Kentucky,Scott,22,12,1,0,0
North Carolina,Edgecombe,22,12,1,0,0
North Carolina,Granville,22,12,1,0,0
Ohio,Ashland,22,12,1,0,0
Ohio,Erie,22,12,1,0,0
Georgia,Murray,22,10,1,0,0
Nevada,Lyon,22,10,1,0,0
Oklahoma,Custer,22,10,1,0,0
Oregon,Malheur,22,10,1,0,0
Tennessee,Campbell,22,10,1,0,0
Tennessee,Cocke,22,10,1,0,0
Texas,Lampasas,22,10,1,0,0
New York,Cortland,21,16,2,1,0
New York,Tioga,21,16,2,1,0
North Dakota,Burleigh,21,16,2,1,0
West Virginia,Ohio,21,15,2,1,0
Vermont,Caledonia,21,14,2,1,0
Indiana,Dearborn,21,14,1,0,0
Michigan,Lapeer,21,13,1,0,0
Missouri,Franklin,21,12,1,0,0
North Carolina,Haywood,21,12,1,0,0
North Carolina,Stokes,21,12,1,0,0
Ohio,Huron,21,12,1,0,0
Ohio,Shelby,21,12,1,0,0
Ohio,Union,21,12,1,0,0
South Dakota,Clay,21,12,1,0,0
Louisiana,West Baton Rouge,21,11,1,0,0
South Carolina,Saluda,21,11,1,0,0
Tennessee,Unicoi,21,11,1,0,0
Minnesota,Crow Wing,21,10,1,0,0
Washington,Pend Oreille,21,10,1,0,0
Arkansas,Poinsett,21,9,1,0,0
Georgia,White,21,9,1,0,0
Mississippi,Stone,21,9,1,0,0
Tennessee,Union,21,9,1,0,0
Texas,Lee,21,9,1,0,0
Michigan,Livingston,20,16,2,1,0
New York,Washington,20,16,2,1,0
North Dakota,Grand Forks,20,15,2,1,0
Pennsylvania,Fayette,20,15,2,1,0
Pennsylvania,Mercer,20,15,2,1,0
Wisconsin,Jefferson,20,15,2,1,0
Florida,Madison,20,14,1,1,0
Indiana,Warrick,20,13,1,0,0
Michigan,Shiawassee,20,13,1,0,0
Vermont,Addison,20,13,1,0,0
Alaska,Sitka,20,12,1,0,0
Louisiana,Rapides,20,12,1,0,0
Pennsylvania,Centre,20,12,1,0,0
Pennsylvania,Montour,20,12,1,0,0
Pennsylvania,Union,20,12,1,0,0
West Virginia,Raleigh,20,12,1,0,0
Wyoming,Albany,20,12,1,0,0
Kentucky,Boyle,20,11,1,0,0
North Carolina,McDowell,20,11,1,0,0
Ohio,Auglaize,20,11,1,0,0
Ohio,Knox,20,11,1,0,0
Ohio,Pickaway,20,11,1,0,0
Ohio,Ross,20,11,1,0,0
Pennsylvania,Columbia,20,11,1,0,0
South Dakota,Union,20,11,1,0,0
Utah,Washington,20,11,1,0,0
Virginia,Petersburg,20,11,1,0,0
Louisiana,Acadia,20,10,1,0,0
New Mexico,Otero,20,10,1,0,0
Arkansas,Hempstead,20,9,1,0,0
Georgia,Dawson,20,9,1,0,0
Georgia,Effingham,20,9,1,0,0
Georgia,Liberty,20,9,1,0,0
Georgia,Lumpkin,20,9,1,0,0
Tennessee,Claiborne,20,9,1,0,0
Tennessee,Grainger,20,9,1,0,0
Texas,Bandera,20,9,1,0,0
Texas,Fayette,20,9,1,0,0
Texas,Hockley,20,9,1,0,0
Texas,Hutchinson,20,9,1,0,0
Texas,Marion,20,9,1,0,0
New York,Warren,19,15,2,1,0
Wisconsin,Fond du Lac,19,14,1,0,0
Iowa,Dubuque,19,13,1,0,0
Iowa,Story,19,13,1,0,0
Louisiana,Webster,19,12,1,0,0
Michigan,Isabella,19,12,1,0,0
Kansas,Crawford,19,11,1,0,0
North Carolina,Person,19,11,1,0,0
North Carolina,Richmond,19,11,1,0,0
Ohio,Crawford,19,11,1,0,0
South Dakota,Lawrence,19,11,1,0,0
Virginia,Bristol,19,11,1,0,0
Virginia,Waynesboro,19,11,1,0,0
Colorado,Routt,19,10,1,0,0
Louisiana,St. Landry,19,10,1,0,0
Louisiana,Washington,19,10,1,0,0
Mississippi,Lee,19,10,1,0,0
Ohio,Fulton,19,10,1,0,0
Alabama,Marshall,19,9,1,0,0
Arkansas,Phillips,19,9,1,0,0
Texas,Gray,19,9,1,0,0
Arkansas,Sevier,19,8,1,0,0
Georgia,Bulloch,19,8,1,0,0
Georgia,Haralson,19,8,1,0,0
Georgia,Lamar,19,8,1,0,0
Georgia,Madison,19,8,1,0,0
Tennessee,Monroe,19,8,1,0,0
Texas,Gillespie,19,8,1,0,0
Texas,Moore,19,8,1,0,0
Texas,Tyler,19,8,1,0,0
West Virginia,Hancock,18,13,1,1,0
New York,Wyoming,18,13,1,0,0
Wisconsin,Calumet,18,13,1,0,0
Florida,Jefferson,18,12,1,0,0
Indiana,Kosciusko,18,12,1,0,0
Michigan,St. Joseph,18,12,1,0,0
Vermont,Orange,18,12,1,0,0
Indiana,Boone,18,11,1,0,0
Kansas,Harvey,18,11,1,0,0
Massachusetts,Dukes,18,11,1,0,0
Massachusetts,Nantucket,18,11,1,0,0
New Hampshire,Sullivan,18,11,1,0,0
Oklahoma,Comanche,18,11,1,0,0
Kentucky,Clark,18,10,1,0,0
Missouri,Pulaski,18,10,1,0,0
Missouri,Scott,18,10,1,0,0
North Carolina,Chatham,18,10,1,0,0
Ohio,Clinton,18,10,1,0,0
Ohio,Holmes,18,10,1,0,0
Ohio,Preble,18,10,1,0,0
Ohio,Seneca,18,10,1,0,0
Virginia,Martinsville,18,10,1,0,0
New Mexico,Luna,18,9,1,0,0
Oklahoma,Ottawa,18,9,1,0,0
Tennessee,Franklin,18,9,1,0,0
Washington,Okanogan,18,9,1,0,0
Arkansas,Prairie,18,8,1,0,0
Georgia,Dade,18,8,1,0,0
Georgia,Hart,18,8,1,0,0
Texas,DeWitt,18,8,1,0,0
Texas,Matagorda,18,8,1,0,0
Maine,Oxford,17,12,1,0,0
Michigan,Ionia,17,11,1,0,0
Illinois,Williamson,17,10,1,0,0
Indiana,Henry,17,10,1,0,0
Indiana,Scott,17,10,1,0,0
Kentucky,Montgomery,17,10,1,0,0
Minnesota,Rice,17,10,1,0,0
North Carolina,Polk,17,10,1,0,0
North Carolina,Transylvania,17,10,1,0,0
Ohio,Logan,17,10,1,0,0
Ohio,Washington,17,10,1,0,0
Oklahoma,Carter,17,10,1,0,0
Oklahoma,Okmulgee,17,10,1,0,0
Pennsylvania,Snyder,17,10,1,0,0
South Carolina,Bamberg,17,10,1,0,0
South Carolina,Barnwell,17,10,1,0,0
Virginia,Staunton,17,10,1,0,0
Colorado,Archuleta,17,9,1,0,0
Kentucky,Laurel,17,9,1,0,0
Kentucky,Woodford,17,9,1,0,0
Missouri,Platte,17,9,1,0,0
Ohio,Champaign,17,9,1,0,0
Ohio,Defiance,17,9,1,0,0
Ohio,Madison,17,9,1,0,0
Tennessee,Roane,17,9,1,0,0
Arkansas,Clark,17,8,1,0,0
Arkansas,Marion,17,8,1,0,0
New Mexico,Roosevelt,17,8,1,0,0
Texas,Colorado,17,8,1,0,0
Texas,Jones,17,8,1,0,0
Texas,Calhoun,17,7,1,0,0
New York,Seneca,16,13,1,0,0
Wisconsin,St. Croix,16,12,1,0,0
Vermont,Orleans,16,11,1,0,0
Maryland,Caroline,16,10,1,0,0
Maryland,Somerset,16,10,1,0,0
Michigan,Barry,16,10,1,0,0
Michigan,Cass,16,10,1,0,0
Missouri,Andrew,16,10,1,0,0
South Carolina,Calhoun,16,10,1,0,0
Vermont,Grand Isle,16,10,1,0,0
Kansas,Miami,16,9,1,0,0
Kansas,Montgomery,16,9,1,0,0
North Carolina,Greene,16,9,1,0,0
North Carolina,Jackson,16,9,1,0,0
Ohio,Brown,16,9,1,0,0
Ohio,Darke,16,9,1,0,0
Ohio,Williams,16,9,1,0,0
Pennsylvania,Mifflin,16,9,1,0,0
Arkansas,Madison,16,8,1,0,0
Mississippi,Forrest,16,8,1,0,0
Ohio,Perry,16,8,1,0,0
Oklahoma,Cherokee,16,8,1,0,0
Oklahoma,Mayes,16,8,1,0,0
Oklahoma,Sequoyah,16,8,1,0,0
Georgia,Chattooga,16,7,1,0,0
Georgia,Crisp,16,7,1,0,0
Georgia,Franklin,16,7,1,0,0
Georgia,Upson,16,7,1,0,0
Oregon,Wallowa,16,7,1,0,0
Texas,Eastland,16,7,1,0,0
Texas,Karnes,16,7,1,0,0
Texas,Lavaca,16,7,1,0,0
Texas,Llano,16,7,1,0,0
Texas,Trinity,16,7,1,0,0
Nebraska,Hall,15,11,1,0,0
New York,Livingston,15,11,1,0,0
Oklahoma,Garfield,15,11,1,0,0
Indiana,DeKalb,15,10,1,0,0
Indiana,Fayette,15,10,1,0,0
Indiana,Noble,15,10,1,0,0
Maine,Hancock,15,10,1,0,0
Michigan,Berrien,15,10,1,0,0
Michigan,Clinton,15,10,1,0,0
Virginia,James City,15,10,1,0,0
Maryland,Queen Anne's,15,9,1,0,0
Oklahoma,Pontotoc,15,9,1,0,0
West Virginia,Taylor,15,9,1,0,0
Colorado,Grand,15,8,1,0,0
Colorado,Ouray,15,8,1,0,0
Louisiana,Iberia,15,8,1,0,0
Louisiana,St. James,15,8,1,0,0
Missouri,Taney,15,8,1,0,0
New Mexico,Grant,15,8,1,0,0
North Carolina,Halifax,15,8,1,0,0
Ohio,Mercer,15,8,1,0,0
Ohio,Morrow,15,8,1,0,0
Pennsylvania,Pike,15,8,1,0,0
Washington,Skamania,15,8,1,0,0
Arkansas,Howard,15,7,1,0,0
Arkansas,Little River,15,7,1,0,0
Arkansas,Yell,15,7,1,0,0
Georgia,Colquitt,15,7,1,0,0
Georgia,McDuffie,15,7,1,0,0
Georgia,Pike,15,7,1,0,0
Georgia,Thomas,15,7,1,0,0
Idaho,Benewah,15,7,1,0,0
Minnesota,Mille Lacs,15,7,1,0,0
Texas,Delta,15,7,1,0,0
Texas,Gonzales,15,7,1,0,0
Texas,Houston,15,7,1,0,0
Texas,Sabine,15,7,1,0,0
Texas,Scurry,15,7,1,0,0
Georgia,Banks,15,6,1,0,0
Georgia,Lee,15,6,1,0,0
Oregon,Sherman,15,6,1,0,0
Alabama,Tuscaloosa,14,11,1,0,0
Michigan,Marquette,14,11,1,0,0
Florida,Taylor,14,10,1,0,0
Illinois,Woodford,14,10,1,0,0
Wisconsin,Dodge,14,10,1,0,0
Indiana,Marshall,14,9,1,0,0
Indiana,Shelby,14,9,1,0,0
Indiana,Steuben,14,9,1,0,0
Michigan,Montcalm,14,9,1,0,0
Virginia,Suffolk,14,9,1,0,0
Colorado,Prowers,14,8,1,0,0
Kansas,Reno,14,8,1,0,0
Kentucky,Anderson,14,8,1,0,0
Kentucky,Shelby,14,8,1,0,0
Michigan,Branch,14,8,1,0,0
Mississippi,Copiah,14,8,1,0,0
Montana,Jefferson,14,8,1,0,0
North Carolina,Duplin,14,8,1,0,0
North Carolina,Hertford,14,8,1,0,0
Ohio,Guernsey,14,8,1,0,0
Ohio,Highland,14,8,1,0,0
Ohio,Jackson,14,8,1,0,0
South Carolina,Fairfield,14,8,1,0,0
South Dakota,Brown,14,8,1,0,0
South Dakota,Hughes,14,8,1,0,0
Virginia,Stafford,14,8,1,0,0
Virginia,Buena Vista,14,8,1,0,0
Virginia,Danville,14,8,1,0,0
Wyoming,Goshen,14,8,1,0,0
Colorado,Crowley,14,7,1,0,0
Colorado,Park,14,7,1,0,0
Kentucky,Greenup,14,7,1,0,0
Louisiana,St. Martin,14,7,1,0,0
New Mexico,Rio Arriba,14,7,1,0,0
Oklahoma,Delaware,14,7,1,0,0
Tennessee,Marion,14,7,1,0,0
Alabama,Cullman,14,6,1,0,0
Alabama,Talladega,14,6,1,0,0
Georgia,Cook,14,6,1,0,0
Georgia,Jones,14,6,1,0,0
Georgia,Toombs,14,6,1,0,0
Texas,Uvalde,14,6,1,0,0
New York,Cattaraugus,13,10,1,0,0
New York,Orleans,13,10,1,0,0
New York,Otsego,13,10,1,0,0
North Dakota,Ward,13,10,1,0,0
Oklahoma,Kay,13,10,1,0,0
West Virginia,Boone,13,10,1,0,0
West Virginia,Brooke,13,10,1,0,0
Wisconsin,Sheboygan,13,10,1,0,0
Wisconsin,Wood,13,10,1,0,0
Pennsylvania,Indiana,13,9,1,0,0
Indiana,Adams,13,8,1,0,0
Indiana,Dubois,13,8,1,0,0
Indiana,Huntington,13,8,1,0,0
Indiana,LaGrange,13,8,1,0,0
Indiana,Lawrence,13,8,1,0,0
Indiana,Miami,13,8,1,0,0
Indiana,Whitley,13,8,1,0,0
Kansas,Butler,13,8,1,0,0
Kansas,Franklin,13,8,1,0,0
Maryland,Talbot,13,8,1,0,0
Minnesota,Blue Earth,13,8,1,0,0
Minnesota,Steele,13,8,1,0,0
Oklahoma,Bryan,13,8,1,0,0
Pennsylvania,Lycoming,13,8,1,0,0
Tennessee,Warren,13,8,1,0,0
West Virginia,Logan,13,8,1,0,0
West Virginia,Mineral,13,8,1,0,0
Kentucky,Christian,13,7,1,0,0
Kentucky,Floyd,13,7,1,0,0
Kentucky,Henderson,13,7,1,0,0
Kentucky,Nelson,13,7,1,0,0
Missouri,Marion,13,7,1,0,0
Missouri,Phelps,13,7,1,0,0
North Carolina,Chowan,13,7,1,0,0
North Carolina,Macon,13,7,1,0,0
North Carolina,Sampson,13,7,1,0,0
Ohio,Ashtabula,13,7,1,0,0
Ohio,Carroll,13,7,1,0,0
Ohio,Fayette,13,7,1,0,0
Ohio,Ottawa,13,7,1,0,0
Ohio,Putnam,13,7,1,0,0
South Carolina,McCormick,13,7,1,0,0
South Dakota,Lake,13,7,1,0,0
Tennessee,Johnson,13,7,1,0,0
Tennessee,Meigs,13,7,1,0,0
Tennessee,Sequatchie,13,7,1,0,0
Texas,Hill,13,7,1,0,0
Georgia,Ben Hill,13,6,1,0,0
Georgia,Bryan,13,6,1,0,0
Georgia,Coffee,13,6,1,0,0
Georgia,Harris,13,6,1,0,0
Georgia,Monroe,13,6,1,0,0
Georgia,Sumter,13,6,1,0,0
Nevada,Storey,13,6,1,0,0
New Mexico,San Miguel,13,6,1,0,0
Oklahoma,Kingfisher,13,6,1,0,0
Oklahoma,Woodward,13,6,1,0,0
Texas,Jackson,13,6,1,0,0
Texas,Nolan,13,6,1,0,0
New York,Wayne,12,10,1,0,0
New York,Yates,12,10,1,0,0
Minnesota,Clay,12,9,1,0,0
Minnesota,Pennington,12,9,1,0,0
New York,Chenango,12,9,1,0,0
Pennsylvania,Armstrong,12,9,1,0,0
Wisconsin,Marathon,12,9,1,0,0
Wisconsin,Portage,12,9,1,0,0
New York,Jefferson,12,8,1,1,0
Indiana,Cass,12,8,1,0,0
Indiana,Jefferson,12,8,1,0,0
Iowa,Muscatine,12,8,1,0,0
Michigan,Hillsdale,12,8,1,0,0
Virginia,York,12,8,1,0,0
Alaska,Bristol Bay,12,7,1,0,0
Alaska,Kodiak Island,12,7,1,0,0
Illinois,Logan,12,7,1,0,0
Kentucky,Grant,12,7,1,0,0
Michigan,Gratiot,12,7,1,0,0
Michigan,Mecosta,12,7,1,0,0
Minnesota,Winona,12,7,1,0,0
Missouri,Camden,12,7,1,0,0
Missouri,DeKalb,12,7,1,0,0
Missouri,Johnson,12,7,1,0,0
Missouri,Lawrence,12,7,1,0,0
Missouri,Stone,12,7,1,0,0
New Hampshire,Grafton,12,7,1,0,0
North Carolina,Columbus,12,7,1,0,0
Ohio,Hardin,12,7,1,0,0
Ohio,Hocking,12,7,1,0,0
Ohio,Van Wert,12,7,1,0,0
Pennsylvania,Perry,12,7,1,0,0
Tennessee,Cumberland,12,7,1,0,0
Virginia,Emporia,12,7,1,0,0
Virginia,Galax,12,7,1,0,0
West Virginia,Morgan,12,7,1,0,0
Wyoming,Teton,12,7,1,0,0
Colorado,Conejos,12,6,1,0,0
Colorado,Phillips,12,6,1,0,0
Georgia,Camden,12,6,1,0,0
Georgia,Gilmer,12,6,1,0,0
Georgia,Union,12,6,1,0,0
Kentucky,Calloway,12,6,1,0,0
Kentucky,Johnson,12,6,1,0,0
Kentucky,Marshall,12,6,1,0,0
Kentucky,Pulaski,12,6,1,0,0
Kentucky,Spencer,12,6,1,0,0
Kentucky,Taylor,12,6,1,0,0
Louisiana,Assumption,12,6,1,0,0
Louisiana,Lafourche,12,6,1,0,0
Minnesota,Kanabec,12,6,1,0,0
Mississippi,Lowndes,12,6,1,0,0
Missouri,Butler,12,6,1,0,0
Missouri,Pettis,12,6,1,0,0
New Mexico,Cibola,12,6,1,0,0
North Carolina,Cherokee,12,6,1,0,0
Ohio,Coshocton,12,6,1,0,0
Ohio,Gallia,12,6,1,0,0
Ohio,Henry,12,6,1,0,0
Ohio,Pike,12,6,1,0,0
South Carolina,Hampton,12,6,1,0,0
Texas,Dawson,12,6,1,0,0
Texas,Frio,12,6,1,0,0
Texas,Newton,12,6,1,0,0
Virginia,Hanover,12,6,1,0,0
Alabama,Dale,12,5,1,0,0
Arkansas,Perry,12,5,1,0,0
Arkansas,Pike,12,5,1,0,0
Oregon,Grant,12,5,1,0,0
Texas,Blanco,12,5,1,0,0
Texas,Callahan,12,5,1,0,0
Texas,Comanche,12,5,1,0,0
Texas,San Augustine,12,5,1,0,0
Texas,Val Verde,12,5,1,0,0
Iowa,Des Moines,11,8,1,0,0
Maine,Franklin,11,8,1,0,0
Minnesota,Hubbard,11,8,1,0,0
Tennessee,Robertson,11,8,1,0,0
Wisconsin,Ozaukee,11,8,1,0,0
Indiana,Clinton,11,7,1,0,0
Indiana,Harrison,11,7,1,0,0
Indiana,Jackson,11,7,1,0,0
Michigan,Van Buren,11,7,1,0,0
New Hampshire,Carroll,11,7,1,0,0
Tennessee,Maury,11,7,1,0,0
Texas,Palo Pinto,11,7,1,0,0
Colorado,Custer,11,6,1,0,0
Colorado,San Miguel,11,6,1,0,0
Illinois,Jackson,11,6,1,0,0
Illinois,Monroe,11,6,1,0,0
Kansas,Atchison,11,6,1,0,0
Kansas,Lyon,11,6,1,0,0
Kentucky,Barren,11,6,1,0,0
Kentucky,Gallatin,11,6,1,0,0
Kentucky,Hopkins,11,6,1,0,0
Kentucky,Knox,11,6,1,0,0
Kentucky,Meade,11,6,1,0,0
Kentucky,Mercer,11,6,1,0,0
Kentucky,Perry,11,6,1,0,0
Kentucky,Pike,11,6,1,0,0
Kentucky,Rowan,11,6,1,0,0
Minnesota,Morrison,11,6,1,0,0
Minnesota,Nicollet,11,6,1,0,0
Mississippi,Lamar,11,6,1,0,0
Mississippi,Lauderdale,11,6,1,0,0
Missouri,Dunklin,11,6,1,0,0
Montana,Hill,11,6,1,0,0
Montana,Lincoln,11,6,1,0,0
Montana,Park,11,6,1,0,0
North Carolina,Caswell,11,6,1,0,0
North Carolina,Martin,11,6,1,0,0
North Carolina,Montgomery,11,6,1,0,0
Oklahoma,Marshall,11,6,1,0,0
South Carolina,Allendale,11,6,1,0,0
South Carolina,Colleton,11,6,1,0,0
South Carolina,Jasper,11,6,1,0,0
West Virginia,Fayette,11,6,1,0,0
West Virginia,Upshur,11,6,1,0,0
Alabama,Blount,11,5,1,0,0
Alabama,Russell,11,5,1,0,0
Alabama,Walker,11,5,1,0,0
Georgia,Bleckley,11,5,1,0,0
Georgia,Evans,11,5,1,0,0
Georgia,Fannin,11,5,1,0,0
Georgia,Laurens,11,5,1,0,0
Georgia,Putnam,11,5,1,0,0
Georgia,Towns,11,5,1,0,0
Idaho,Boundary,11,5,1,0,0
Idaho,Cassia,11,5,1,0,0
Idaho,Elmore,11,5,1,0,0
Louisiana,Evangeline,11,5,1,0,0
Louisiana,St. Mary,11,5,1,0,0
Oklahoma,Adair,11,5,1,0,0
Oregon,Gilliam,11,5,1,0,0
Texas,Lamb,11,5,1,0,0
Texas,Terry,11,5,1,0,0
Texas,Zapata,11,5,1,0,0
Washington,Columbia,11,5,1,0,0
Washington,Lincoln,11,5,1,0,0
Michigan,Antrim,10,8,1,0,0
Minnesota,Douglas,10,8,1,0,0
New York,Steuben,10,8,1,0,0
Wisconsin,Columbia,10,8,1,0,0
Wisconsin,Sauk,10,8,1,0,0
Iowa,Wapello,10,7,1,0,0
Iowa,Warren,10,7,1,0,0
Pennsylvania,Crawford,10,7,1,0,0
Tennessee,Cheatham,10,7,1,0,0
Wisconsin,Pierce,10,7,1,0,0
Wisconsin,Waupaca,10,7,1,0,0
Alaska,Haines,10,6,1,0,0
Illinois,De Witt,10,6,1,0,0
Illinois,Franklin,10,6,1,0,0
Illinois,Menard,10,6,1,0,0
Indiana,Blackford,10,6,1,0,0
Indiana,Clay,10,6,1,0,0
Indiana,Daviess,10,6,1,0,0
Indiana,Jennings,10,6,1,0,0
Indiana,Knox,10,6,1,0,0
Indiana,Montgomery,10,6,1,0,0
Indiana,Putnam,10,6,1,0,0
Indiana,Starke,10,6,1,0,0
Indiana,Wabash,10,6,1,0,0
Indiana,Wells,10,6,1,0,0
Kansas,Cherokee,10,6,1,0,0
Kansas,Jefferson,10,6,1,0,0
Kansas,Seward,10,6,1,0,0
Kentucky,Bell,10,6,1,0,0
Kentucky,Carroll,10,6,1,0,0
Kentucky,Whitley,10,6,1,0,0
Louisiana,Avoyelles,10,6,1,0,0
Louisiana,Lincoln,10,6,1,0,0
Missouri,Callaway,10,6,1,0,0
Missouri,Lafayette,10,6,1,0,0
Missouri,Randolph,10,6,1,0,0
Montana,Carbon,10,6,1,0,0
Montana,Stillwater,10,6,1,0,0
North Carolina,Anson,10,6,1,0,0
North Carolina,Beaufort,10,6,1,0,0
North Carolina,Carteret,10,6,1,0,0
Ohio,Wyandot,10,6,1,0,0
Oklahoma,Pittsburg,10,6,1,0,0
Pennsylvania,Somerset,10,6,1,0,0
Pennsylvania,Wayne,10,6,1,0,0
Pennsylvania,Wyoming,10,6,1,0,0
Tennessee,Coffee,10,6,1,0,0
Tennessee,Macon,10,6,1,0,0
Tennessee,White,10,6,1,0,0
Virginia,Prince William,10,6,1,0,0
West Virginia,Jackson,10,6,1,0,0
West Virginia,Mason,10,6,1,0,0
West Virginia,Mingo,10,6,1,0,0
Wyoming,Fremont,10,6,1,0,0
Wyoming,Lincoln,10,6,1,0,0
Wyoming,Platte,10,6,1,0,0
Wyoming,Sweetwater,10,6,1,0,0
Kentucky,Lincoln,10,5,1,0,0
Kentucky,Simpson,10,5,1,0,0
Louisiana,Terrebonne,10,5,1,0,0
Minnesota,Itasca,10,5,1,0,0
Minnesota,Todd,10,5,1,0,0
Mississippi,Jones,10,5,1,0,0
Mississippi,Oktibbeha,10,5,1,0,0
Mississippi,Pike,10,5,1,0,0
Missouri,Clinton,10,5,1,0,0
New Mexico,Torrance,10,5,1,0,0
North Carolina,Clay,10,5,1,0,0
Ohio,Meigs,10,5,1,0,0
Oklahoma,Blaine,10,5,1,0,0
Texas,Deaf Smith,10,5,0,0,0
Georgia,Elbert,10,4,0,0,0
Georgia,Grady,10,4,0,0,0
Georgia,Pierce,10,4,0,0,0
Georgia,Tattnall,10,4,0,0,0
Idaho,Blaine,10,4,0,0,0
Idaho,Lewis,10,4,0,0,0
Texas,Red River,10,4,0,0,0
Texas,Ward,10,4,0,0,0
Nebraska,Dodge,9,7,1,0,0
Pennsylvania,Venango,9,7,1,0,0
Illinois,Livingston,9,6,1,0,0
Illinois,Piatt,9,6,1,0,0
Indiana,Decatur,9,6,1,0,0
Indiana,Gibson,9,6,1,0,0
Indiana,Ohio,9,6,1,0,0
Iowa,Cerro Gordo,9,6,1,0,0
Iowa,Marshall,9,6,1,0,0
Kansas,Labette,9,6,1,0,0
Michigan,Newaygo,9,6,1,0,0
Michigan,Tuscola,9,6,1,0,0
Michigan,Wexford,9,6,1,0,0
Minnesota,Goodhue,9,6,1,0,0
Oklahoma,McClain,9,6,1,0,0
Oklahoma,Murray,9,6,1,0,0
Wisconsin,Chippewa,9,6,1,0,0
Wisconsin,Green,9,6,1,0,0
Wyoming,Park,9,6,1,0,0
Colorado,Gunnison,9,5,1,0,0
Kansas,Barton,9,5,1,0,0
Kansas,Cowley,9,5,1,0,0
Kansas,Ellis,9,5,1,0,0
Kansas,Ford,9,5,1,0,0
Kansas,McPherson,9,5,1,0,0
Kentucky,Bourbon,9,5,1,0,0
Kentucky,Carter,9,5,1,0,0
Kentucky,Garrard,9,5,1,0,0
Kentucky,Graves,9,5,1,0,0
Kentucky,Letcher,9,5,1,0,0
Kentucky,Mason,9,5,1,0,0
Kentucky,Powell,9,5,1,0,0
Louisiana,De Soto,9,5,1,0,0
Louisiana,Iberville,9,5,1,0,0
Minnesota,Le Sueur,9,5,1,0,0
Mississippi,Alcorn,9,5,1,0,0
Missouri,Adair,9,5,1,0,0
Missouri,Barry,9,5,1,0,0
Missouri,Laclede,9,5,1,0,0
Missouri,Polk,9,5,1,0,0
Montana,Broadwater,9,5,1,0,0
Montana,Glacier,9,5,1,0,0
Montana,Richland,9,5,1,0,0
Montana,Roosevelt,9,5,1,0,0
North Carolina,Currituck,9,5,1,0,0
North Carolina,Madison,9,5,1,0,0
North Carolina,Warren,9,5,1,0,0
Ohio,Adams,9,5,1,0,0
Oklahoma,Le Flore,9,5,1,0,0
Pennsylvania,Juniata,9,5,1,0,0
South Dakota,Beadle,9,5,1,0,0
South Dakota,Turner,9,5,1,0,0
Tennessee,Grundy,9,5,1,0,0
Tennessee,Polk,9,5,1,0,0
Texas,Limestone,9,5,1,0,0
Virginia,Spotsylvania,9,5,1,0,0
West Virginia,Pleasants,9,5,1,0,0
Wyoming,Big Horn,9,5,1,0,0
Wyoming,Washakie,9,5,1,0,0
Illinois,Coles,9,5,0,0,0
Kentucky,Muhlenberg,9,5,0,0,0
Alabama,Coffee,9,4,0,0,0
Arkansas,Lafayette,9,4,0,0,0
Arkansas,Nevada,9,4,0,0,0
Georgia,Lanier,9,4,0,0,0
Georgia,Mitchell,9,4,0,0,0
Georgia,Morgan,9,4,0,0,0
Georgia,Pulaski,9,4,0,0,0
Georgia,Wayne,9,4,0,0,0
Idaho,Fremont,9,4,0,0,0
Idaho,Washington,9,4,0,0,0
Louisiana,Jefferson Davis,9,4,0,0,0
New Mexico,Lincoln,9,4,0,0,0
Texas,Falls,9,4,0,0,0
Texas,Gaines,9,4,0,0,0
Texas,Live Oak,9,4,0,0,0
Texas,Ochiltree,9,4,0,0,0
Texas,Parmer,9,4,0,0,0
Florida,Franklin,8,6,1,0,0
Illinois,Fulton,8,6,1,0,0
Illinois,LaSalle,8,6,1,0,0
Iowa,Clinton,8,6,1,0,0
Iowa,Lee,8,6,1,0,0
Maine,Somerset,8,6,1,0,0
Michigan,Kalkaska,8,6,1,0,0
Minnesota,Beltrami,8,6,1,0,0
Minnesota,Polk,8,6,1,0,0
Nebraska,Adams,8,6,1,0,0
Nebraska,Madison,8,6,1,0,0
New York,Franklin,8,6,1,0,0
New York,Schuyler,8,6,1,0,0
North Dakota,Stark,8,6,1,0,0
Pennsylvania,Clarion,8,6,1,0,0
Pennsylvania,Clearfield,8,6,1,0,0
Pennsylvania,Greene,8,6,1,0,0
Pennsylvania,Jefferson,8,6,1,0,0
Wisconsin,Manitowoc,8,6,1,0,0
Illinois,Clinton,8,5,1,0,0
Indiana,Franklin,8,5,1,0,0
Indiana,Greene,8,5,1,0,0
Indiana,Jasper,8,5,1,0,0
Indiana,Posey,8,5,1,0,0
Indiana,Randolph,8,5,1,0,0
Indiana,Ripley,8,5,1,0,0
Indiana,Tipton,8,5,1,0,0
Indiana,Vermillion,8,5,1,0,0
Kansas,Finney,8,5,1,0,0
Kansas,Neosho,8,5,1,0,0
Louisiana,Vernon,8,5,1,0,0
Maryland,Kent,8,5,1,0,0
Michigan,Clare,8,5,1,0,0
Michigan,Gladwin,8,5,1,0,0
Minnesota,Mower,8,5,1,0,0
Oklahoma,McIntosh,8,5,1,0,0
Tennessee,Bedford,8,5,1,0,0
Tennessee,Dickson,8,5,1,0,0
Tennessee,Smith,8,5,1,0,0
Texas,Montague,8,5,1,0,0
Texas,Young,8,5,1,0,0
West Virginia,Preston,8,5,1,0,0
Missouri,Howell,8,5,0,0,0
Oklahoma,Stephens,8,5,0,0,0
Tennessee,DeKalb,8,5,0,0,0
Alabama,Chilton,8,4,0,0,0
Alaska,Hyder,8,4,0,0,0
Arkansas,Montgomery,8,4,0,0,0
Colorado,Bent,8,4,0,0,0
Colorado,Huerfano,8,4,0,0,0
Colorado,Sedgwick,8,4,0,0,0
Colorado,Yuma,8,4,0,0,0
Georgia,Berrien,8,4,0,0,0
Georgia,Brantley,8,4,0,0,0
Georgia,Candler,8,4,0,0,0
Georgia,Chattahoochee,8,4,0,0,0
Georgia,Decatur,8,4,0,0,0
Georgia,Dodge,8,4,0,0,0
Georgia,Jeff Davis,8,4,0,0,0
Georgia,Meriwether,8,4,0,0,0
Georgia,Rabun,8,4,0,0,0
Illinois,Marion,8,4,0,0,0
Kansas,Allen,8,4,0,0,0
Kentucky,Harlan,8,4,0,0,0
Kentucky,Harrison,8,4,0,0,0
Kentucky,Russell,8,4,0,0,0
Louisiana,East Feliciana,8,4,0,0,0
Louisiana,Vermilion,8,4,0,0,0
Minnesota,Pine,8,4,0,0,0
Missouri,McDonald,8,4,0,0,0
Missouri,Miller,8,4,0,0,0
Missouri,Perry,8,4,0,0,0
Missouri,Ray,8,4,0,0,0
Montana,Dawson,8,4,0,0,0
Montana,Sanders,8,4,0,0,0
New Mexico,Colfax,8,4,0,0,0
North Carolina,Bladen,8,4,0,0,0
North Carolina,Northampton,8,4,0,0,0
North Carolina,Perquimans,8,4,0,0,0
Ohio,Paulding,8,4,0,0,0
Oklahoma,Texas,8,4,0,0,0
Pennsylvania,Bradford,8,4,0,0,0
South Dakota,Bon Homme,8,4,0,0,0
South Dakota,Moody,8,4,0,0,0
Tennessee,Bledsoe,8,4,0,0,0
Texas,Andrews,8,4,0,0,0
Texas,Freestone,8,4,0,0,0
Texas,Hamilton,8,4,0,0,0
Texas,Mitchell,8,4,0,0,0
Texas,Runnels,8,4,0,0,0
Texas,Yoakum,8,4,0,0,0
Washington,Ferry,8,4,0,0,0
West Virginia,Barbour,8,4,0,0,0
West Virginia,Lincoln,8,4,0,0,0
Wyoming,Converse,8,4,0,0,0
Georgia,Ware,8,3,0,0,0
New York,Delaware,7,6,1,0,0
Virginia,Roanoke,7,6,1,0,0
West Virginia,Clay,7,6,1,0,0
Florida,Liberty,7,5,1,0,0
Indiana,Fulton,7,5,1,0,0
Indiana,Owen,7,5,1,0,0
Iowa,Bremer,7,5,1,0,0
Iowa,Marion,7,5,1,0,0
Maine,Aroostook,7,5,1,0,0
Maryland,Garrett,7,5,1,0,0
Nebraska,Scotts Bluff,7,5,1,0,0
Nebraska,Washington,7,5,1,0,0
New York,Allegany,7,5,1,0,0
New York,St. Lawrence,7,5,1,0,0
Oklahoma,Pawnee,7,5,1,0,0
Wisconsin,Barron,7,5,1,0,0
Wisconsin,Dunn,7,5,1,0,0
Wisconsin,Green Lake,7,5,1,0,0
Wisconsin,Monroe,7,5,1,0,0
Wisconsin,Polk,7,5,1,0,0
Wisconsin,Shawano,7,5,1,0,0
Illinois,Stephenson,7,5,0,0,0
Illinois,Whiteside,7,5,0,0,0
Indiana,Jay,7,5,0,0,0
Alabama,Chambers,7,4,0,0,0
Alaska,Petersburg,7,4,0,0,0
Alaska,Wrangell,7,4,0,0,0
Colorado,Kit Carson,7,4,0,0,0
Illinois,Ford,7,4,0,0,0
Illinois,Iroquois,7,4,0,0,0
Illinois,Jefferson,7,4,0,0,0
Illinois,Massac,7,4,0,0,0
Illinois,Saline,7,4,0,0,0
Indiana,Carroll,7,4,0,0,0
Indiana,Perry,7,4,0,0,0
Indiana,Spencer,7,4,0,0,0
Indiana,Washington,7,4,0,0,0
Kansas,Bourbon,7,4,0,0,0
Kansas,Dickinson,7,4,0,0,0
Kansas,Pottawatomie,7,4,0,0,0
Kentucky,Allen,7,4,0,0,0
Kentucky,Clinton,7,4,0,0,0
Kentucky,Estill,7,4,0,0,0
Kentucky,Grayson,7,4,0,0,0
Kentucky,Henry,7,4,0,0,0
Kentucky,Larue,7,4,0,0,0
Kentucky,Marion,7,4,0,0,0
Kentucky,Martin,7,4,0,0,0
Kentucky,Pendleton,7,4,0,0,0
Kentucky,Rockcastle,7,4,0,0,0
Kentucky,Trimble,7,4,0,0,0
Louisiana,Grant,7,4,0,0,0
Louisiana,Pointe Coupee,7,4,0,0,0
Louisiana,Red River,7,4,0,0,0
Louisiana,St. Helena,7,4,0,0,0
Louisiana,West Feliciana,7,4,0,0,0
Michigan,Otsego,7,4,0,0,0
Michigan,Roscommon,7,4,0,0,0
Minnesota,Dodge,7,4,0,0,0
Minnesota,Freeborn,7,4,0,0,0
Minnesota,Waseca,7,4,0,0,0
Mississippi,Adams,7,4,0,0,0
Mississippi,Lafayette,7,4,0,0,0
Mississippi,Tate,7,4,0,0,0
Mississippi,Washington,7,4,0,0,0
Missouri,Audrain,7,4,0,0,0
Missouri,Mississippi,7,4,0,0,0
Missouri,Moniteau,7,4,0,0,0
Missouri,Morgan,7,4,0,0,0
Missouri,Pemiscot,7,4,0,0,0
Missouri,Ste. Genevieve,7,4,0,0,0
Missouri,Stoddard,7,4,0,0,0
Montana,Mineral,7,4,0,0,0
Montana,Pondera,7,4,0,0,0
North Carolina,Gates,7,4,0,0,0
Ohio,Harrison,7,4,0,0,0
Oklahoma,Grady,7,4,0,0,0
Pennsylvania,Bedford,7,4,0,0,0
Pennsylvania,Huntingdon,7,4,0,0,0
Pennsylvania,Susquehanna,7,4,0,0,0
South Dakota,Grant,7,4,0,0,0
South Dakota,Hamlin,7,4,0,0,0
Tennessee,Cannon,7,4,0,0,0
Tennessee,Marshall,7,4,0,0,0
Tennessee,Overton,7,4,0,0,0
Texas,Bosque,7,4,0,0,0
Virginia,Isle of Wight,7,4,0,0,0
Virginia,Norton,7,4,0,0,0
Washington,Garfield,7,4,0,0,0
West Virginia,Lewis,7,4,0,0,0
West Virginia,Wyoming,7,4,0,0,0
Wyoming,Weston,7,4,0,0,0
Alabama,Tallapoosa,7,3,0,0,0
Georgia,Appling,7,3,0,0,0
Georgia,Bacon,7,3,0,0,0
Georgia,Crawford,7,3,0,0,0
Georgia,Dooly,7,3,0,0,0
Georgia,Greene,7,3,0,0,0
Georgia,Heard,7,3,0,0,0
Georgia,Jasper,7,3,0,0,0
Georgia,Long,7,3,0,0,0
Georgia,Macon,7,3,0,0,0
Georgia,Montgomery,7,3,0,0,0
Georgia,Telfair,7,3,0,0,0
Georgia,Worth,7,3,0,0,0
Idaho,Bear Lake,7,3,0,0,0
Idaho,Power,7,3,0,0,0
Mississippi,Union,7,3,0,0,0
New Mexico,Quay,7,3,0,0,0
Oregon,Lake,7,3,0,0,0
Tennessee,Hancock,7,3,0,0,0
Texas,Bailey,7,3,0,0,0
Texas,Castro,7,3,0,0,0
Texas,Goliad,7,3,0,0,0
Texas,Refugio,7,3,0,0,0
Texas,Swisher,7,3,0,0,0
Texas,Winkler,7,3,0,0,0
Texas,Zavala,7,3,0,0,0
Nebraska,Buffalo,6,5,1,0,0
Nebraska,Platte,6,5,1,0,0
North Dakota,Morton,6,5,1,0,0
North Dakota,Rolette,6,5,1,0,0
Illinois,Knox,6,4,0,0,0
Illinois,Mason,6,4,0,0,0
Illinois,Ogle,6,4,0,0,0
Illinois,Randolph,6,4,0,0,0
Illinois,Wabash,6,4,0,0,0
Indiana,Brown,6,4,0,0,0
Indiana,Fountain,6,4,0,0,0
Indiana,Orange,6,4,0,0,0
Indiana,Rush,6,4,0,0,0
Indiana,Sullivan,6,4,0,0,0
Indiana,Switzerland,6,4,0,0,0
Indiana,Union,6,4,0,0,0
Indiana,White,6,4,0,0,0
Iowa,Boone,6,4,0,0,0
Iowa,Henry,6,4,0,0,0
Iowa,Jasper,6,4,0,0,0
Iowa,Webster,6,4,0,0,0
Kansas,Jackson,6,4,0,0,0
Kansas,Osage,6,4,0,0,0
Kentucky,Logan,6,4,0,0,0
Louisiana,Claiborne,6,4,0,0,0
Louisiana,Concordia,6,4,0,0,0
Maine,Washington,6,4,0,0,0
Michigan,Emmet,6,4,0,0,0
Michigan,Ogemaw,6,4,0,0,0
Michigan,Osceola,6,4,0,0,0
Minnesota,Brown,6,4,0,0,0
Minnesota,Wabasha,6,4,0,0,0
Missouri,Crawford,6,4,0,0,0
Missouri,Washington,6,4,0,0,0
Montana,Custer,6,4,0,0,0
Nebraska,Cass,6,4,0,0,0
New York,Essex,6,4,0,0,0
North Carolina,Camden,6,4,0,0,0
North Carolina,Washington,6,4,0,0,0
Ohio,Morgan,6,4,0,0,0
Ohio,Noble,6,4,0,0,0
Oklahoma,Haskell,6,4,0,0,0
Pennsylvania,Clinton,6,4,0,0,0
South Dakota,McCook,6,4,0,0,0
Tennessee,Lawrence,6,4,0,0,0
Tennessee,Morgan,6,4,0,0,0
Tennessee,Scott,6,4,0,0,0
Tennessee,Trousdale,6,4,0,0,0
Utah,Sanpete,6,4,0,0,0
Virginia,Poquoson,6,4,0,0,0
West Virginia,Hampshire,6,4,0,0,0
West Virginia,McDowell,6,4,0,0,0
West Virginia,Nicholas,6,4,0,0,0
West Virginia,Summers,6,4,0,0,0
Wisconsin,Grant,6,4,0,0,0
Wisconsin,Trempealeau,6,4,0,0,0
Wyoming,Crook,6,4,0,0,0
Alabama,Dallas,6,3,0,0,0
Alabama,Geneva,6,3,0,0,0
Alabama,Jackson,6,3,0,0,0
Alabama,Pike,6,3,0,0,0
Arkansas,Newton,6,3,0,0,0
Colorado,Las Animas,6,3,0,0,0
Georgia,Brooks,6,3,0,0,0
Georgia,Emanuel,6,3,0,0,0
Georgia,Jefferson,6,3,0,0,0
Georgia,Johnson,6,3,0,0,0
Georgia,Lincoln,6,3,0,0,0
Georgia,Oglethorpe,6,3,0,0,0
Georgia,Seminole,6,3,0,0,0
Georgia,Treutlen,6,3,0,0,0
Idaho,Shoshone,6,3,0,0,0
Illinois,Effingham,6,3,0,0,0
Illinois,Perry,6,3,0,0,0
Kansas,Doniphan,6,3,0,0,0
Kansas,Sumner,6,3,0,0,0
Kentucky,Adair,6,3,0,0,0
Kentucky,Clay,6,3,0,0,0
Kentucky,Hancock,6,3,0,0,0
Kentucky,Hart,6,3,0,0,0
Kentucky,Knott,6,3,0,0,0
Kentucky,McCreary,6,3,0,0,0
Kentucky,Magoffin,6,3,0,0,0
Kentucky,Wayne,6,3,0,0,0
Louisiana,Allen,6,3,0,0,0
Louisiana,Beauregard,6,3,0,0,0
Mississippi,Lincoln,6,3,0,0,0
Mississippi,Pontotoc,6,3,0,0,0
Mississippi,Prentiss,6,3,0,0,0
Missouri,Cooper,6,3,0,0,0
Missouri,Dallas,6,3,0,0,0
Missouri,Gasconade,6,3,0,0,0
Missouri,Henry,6,3,0,0,0
Missouri,Saline,6,3,0,0,0
Montana,Powell,6,3,0,0,0
New Mexico,Sierra,6,3,0,0,0
New Mexico,Socorro,6,3,0,0,0
North Carolina,Bertie,6,3,0,0,0
North Carolina,Graham,6,3,0,0,0
Ohio,Monroe,6,3,0,0,0
Ohio,Vinton,6,3,0,0,0
Oklahoma,Choctaw,6,3,0,0,0
Oklahoma,Major,6,3,0,0,0
Oklahoma,Okfuskee,6,3,0,0,0
South Dakota,Hutchinson,6,3,0,0,0
South Dakota,Roberts,6,3,0,0,0
Texas,Brooks,6,3,0,0,0
Texas,Dimmit,6,3,0,0,0
Texas,McCulloch,6,3,0,0,0
Texas,Wilbarger,6,3,0,0,0
Virginia,Powhatan,6,3,0,0,0
West Virginia,Tyler,6,3,0,0,0
Wyoming,Hot Springs,6,3,0,0,0
Georgia,Schley,6,2,0,0,0
Georgia,Turner,6,2,0,0,0
Georgia,Washington,6,2,0,0,0
Idaho,Lincoln,6,2,0,0,0
Oklahoma,Woods,6,2,0,0,0
Oregon,Wheeler,6,2,0,0,0
Texas,Coleman,6,2,0,0,0
Texas,Garza,6,2,0,0,0
Iowa,Dickinson,5,4,0,0,0
Iowa,Sioux,5,4,0,0,0
Michigan,Benzie,5,4,0,0,0
Minnesota,Becker,5,4,0,0,0
Minnesota,Mahnomen,5,4,0,0,0
Minnesota,Otter Tail,5,4,0,0,0
Minnesota,Red Lake,5,4,0,0,0
Minnesota,Roseau,5,4,0,0,0
Minnesota,Wadena,5,4,0,0,0
North Dakota,Richland,5,4,0,0,0
Pennsylvania,McKean,5,4,0,0,0
Pennsylvania,Warren,5,4,0,0,0
West Virginia,Marshall,5,4,0,0,0
Wisconsin,Juneau,5,4,0,0,0
Wisconsin,Marquette,5,4,0,0,0
Wisconsin,Oconto,5,4,0,0,0
Wisconsin,Vernon,5,4,0,0,0
Wisconsin,Waushara,5,4,0,0,0
Alabama,Bullock,5,3,0,0,0
Alabama,Lowndes,5,3,0,0,0
Colorado,Costilla,5,3,0,0,0
Colorado,Moffat,5,3,0,0,0
Illinois,Bond,5,3,0,0,0
Illinois,Henry,5,3,0,0,0
Illinois,Jersey,5,3,0,0,0
Illinois,Lawrence,5,3,0,0,0
Illinois,Richland,5,3,0,0,0
Illinois,Union,5,3,0,0,0
Indiana,Crawford,5,3,0,0,0
Indiana,Newton,5,3,0,0,0
Indiana,Parke,5,3,0,0,0
Indiana,Pike,5,3,0,0,0
Iowa,Jefferson,5,3,0,0,0
Iowa,Mahaska,5,3,0,0,0
Iowa,Washington,5,3,0,0,0
Kansas,Brown,5,3,0,0,0
Kansas,Linn,5,3,0,0,0
Kansas,Wilson,5,3,0,0,0
Kentucky,Bath,5,3,0,0,0
Kentucky,Bracken,5,3,0,0,0
Kentucky,Caldwell,5,3,0,0,0
Kentucky,Edmonson,5,3,0,0,0
Kentucky,Fleming,5,3,0,0,0
Kentucky,Green,5,3,0,0,0
Kentucky,Jackson,5,3,0,0,0
Kentucky,Lawrence,5,3,0,0,0
Kentucky,Lee,5,3,0,0,0
Kentucky,McLean,5,3,0,0,0
Kentucky,Ohio,5,3,0,0,0
Kentucky,Union,5,3,0,0,0
Kentucky,Washington,5,3,0,0,0
Kentucky,Webster,5,3,0,0,0
Louisiana,Bienville,5,3,0,0,0
Louisiana,La Salle,5,3,0,0,0
Louisiana,Natchitoches,5,3,0,0,0
Maryland,Dorchester,5,3,0,0,0
Michigan,Cheboygan,5,3,0,0,0
Michigan,Dickinson,5,3,0,0,0
Minnesota,Clearwater,5,3,0,0,0
Minnesota,Houston,5,3,0,0,0
Mississippi,Leflore,5,3,0,0,0
Mississippi,Marshall,5,3,0,0,0
Mississippi,Neshoba,5,3,0,0,0
Missouri,Benton,5,3,0,0,0
Missouri,Cedar,5,3,0,0,0
Missouri,Livingston,5,3,0,0,0
Missouri,Madison,5,3,0,0,0
Missouri,New Madrid,5,3,0,0,0
Missouri,Nodaway,5,3,0,0,0
Missouri,Pike,5,3,0,0,0
Missouri,Vernon,5,3,0,0,0
Missouri,Wright,5,3,0,0,0
Montana,Big Horn,5,3,0,0,0
Montana,Fergus,5,3,0,0,0
Montana,Musselshell,5,3,0,0,0
Montana,Teton,5,3,0,0,0
Montana,Toole,5,3,0,0,0
North Carolina,Swain,5,3,0,0,0
Oklahoma,Craig,5,3,0,0,0
Oklahoma,Garvin,5,3,0,0,0
Oklahoma,Hughes,5,3,0,0,0
Oklahoma,Jackson,5,3,0,0,0
Oklahoma,Johnston,5,3,0,0,0
Oklahoma,Latimer,5,3,0,0,0
Oklahoma,Love,5,3,0,0,0
Oklahoma,McCurtain,5,3,0,0,0
Pennsylvania,Elk,5,3,0,0,0
Pennsylvania,Fulton,5,3,0,0,0
Pennsylvania,Tioga,5,3,0,0,0
South Dakota,Charles Mix,5,3,0,0,0
South Dakota,Hanson,5,3,0,0,0
South Dakota,Meade,5,3,0,0,0
South Dakota,Walworth,5,3,0,0,0
Tennessee,Fentress,5,3,0,0,0
Tennessee,Jackson,5,3,0,0,0
Tennessee,Lincoln,5,3,0,0,0
Texas,Grimes,5,3,0,0,0
Texas,Milam,5,3,0,0,0
Utah,Carbon,5,3,0,0,0
Utah,Iron,5,3,0,0,0
Utah,Morgan,5,3,0,0,0
West Virginia,Greenbrier,5,3,0,0,0
West Virginia,Roane,5,3,0,0,0
Wyoming,Carbon,5,3,0,0,0
Wyoming,Johnson,5,3,0,0,0
Wyoming,Sublette,5,3,0,0,0
Alabama,Bibb,5,2,0,0,0
Alabama,Covington,5,2,0,0,0
Alabama,Escambia,5,2,0,0,0
Alabama,Macon,5,2,0,0,0
Alabama,Randolph,5,2,0,0,0
Georgia,Atkinson,5,2,0,0,0
Georgia,Burke,5,2,0,0,0
Georgia,Irwin,5,2,0,0,0
Georgia,McIntosh,5,2,0,0,0
Georgia,Terrell,5,2,0,0,0
Georgia,Twiggs,5,2,0,0,0
Georgia,Wheeler,5,2,0,0,0
Georgia,Wilcox,5,2,0,0,0
Idaho,Boise,5,2,0,0,0
Idaho,Caribou,5,2,0,0,0
Idaho,Oneida,5,2,0,0,0
Illinois,Macoupin,5,2,0,0,0
Kentucky,Casey,5,2,0,0,0
Kentucky,Metcalfe,5,2,0,0,0
Kentucky,Morgan,5,2,0,0,0
Kentucky,Nicholas,5,2,0,0,0
Minnesota,Aitkin,5,2,0,0,0
Minnesota,Cass,5,2,0,0,0
Mississippi,Clay,5,2,0,0,0
Mississippi,Coahoma,5,2,0,0,0
Mississippi,Covington,5,2,0,0,0
Mississippi,Grenada,5,2,0,0,0
Mississippi,Marion,5,2,0,0,0
Mississippi,Monroe,5,2,0,0,0
Mississippi,Panola,5,2,0,0,0
Mississippi,Scott,5,2,0,0,0
Mississippi,Simpson,5,2,0,0,0
Mississippi,Tippah,5,2,0,0,0
Missouri,Grundy,5,2,0,0,0
Missouri,Hickory,5,2,0,0,0
New Mexico,Mora,5,2,0,0,0
North Carolina,Pamlico,5,2,0,0,0
Oklahoma,Alfalfa,5,2,0,0,0
Oklahoma,Nowata,5,2,0,0,0
Oregon,Harney,5,2,0,0,0
Texas,Carson,5,2,0,0,0
Texas,Crosby,5,2,0,0,0
Texas,Duval,5,2,0,0,0
Texas,Floyd,5,2,0,0,0
Texas,Hansford,5,2,0,0,0
Texas,Haskell,5,2,0,0,0
Texas,Lynn,5,2,0,0,0
Texas,Mills,5,2,0,0,0
Texas,Wheeler,5,2,0,0,0
Virginia,New Kent,5,2,0,0,0
North Dakota,Williams,4,4,0,0,0
Arkansas,Jefferson,4,3,0,0,0
Illinois,Adams,4,3,0,0,0
Illinois,Lee,4,3,0,0,0
Iowa,Benton,4,3,0,0,0
Iowa,Buchanan,4,3,0,0,0
Iowa,Buena Vista,4,3,0,0,0
Iowa,Carroll,4,3,0,0,0
Iowa,Cedar,4,3,0,0,0
Iowa,Delaware,4,3,0,0,0
Iowa,Floyd,4,3,0,0,0
Iowa,Hardin,4,3,0,0,0
Iowa,Jackson,4,3,0,0,0
Iowa,Jones,4,3,0,0,0
Iowa,Mills,4,3,0,0,0
Iowa,Poweshiek,4,3,0,0,0
Iowa,Winneshiek,4,3,0,0,0
Michigan,Sanilac,4,3,0,0,0
Minnesota,Martin,4,3,0,0,0
Minnesota,Norman,4,3,0,0,0
Nebraska,Saunders,4,3,0,0,0
Nebraska,Seward,4,3,0,0,0
New Jersey,Salem,4,3,0,0,0
New York,Lewis,4,3,0,0,0
North Dakota,Ramsey,4,3,0,0,0
North Dakota,Stutsman,4,3,0,0,0
North Dakota,Traill,4,3,0,0,0
North Dakota,Walsh,4,3,0,0,0
Oklahoma,Noble,4,3,0,0,0
Texas,Madison,4,3,0,0,0
Vermont,Essex,4,3,0,0,0
Virginia,Frederick,4,3,0,0,0
Virginia,Warren,4,3,0,0,0
West Virginia,Braxton,4,3,0,0,0
West Virginia,Monroe,4,3,0,0,0
West Virginia,Randolph,4,3,0,0,0
Wisconsin,Adams,4,3,0,0,0
Wisconsin,Clark,4,3,0,0,0
Wisconsin,Crawford,4,3,0,0,0
Wisconsin,Douglas,4,3,0,0,0
Wisconsin,Iowa,4,3,0,0,0
Wisconsin,Lafayette,4,3,0,0,0
Wisconsin,Lincoln,4,3,0,0,0
Wisconsin,Marinette,4,3,0,0,0
Wisconsin,Oneida,4,3,0,0,0
Wisconsin,Pepin,4,3,0,0,0
Wisconsin,Richland,4,3,0,0,0
Alabama,Barbour,4,2,0,0,0
Alabama,Fayette,4,2,0,0,0
Alabama,Henry,4,2,0,0,0
Alaska,Aleutians West,4,2,0,0,0
Alaska,Bethel,4,2,0,0,0
Alaska,Nome,4,2,0,0,0
Colorado,Dolores,4,2,0,0,0
Colorado,Lincoln,4,2,0,0,0
Colorado,Rio Blanco,4,2,0,0,0
Colorado,Saguache,4,2,0,0,0
Colorado,Washington,4,2,0,0,0
Georgia,Calhoun,4,2,0,0,0
Georgia,Early,4,2,0,0,0
Georgia,Glascock,4,2,0,0,0
Georgia,Hancock,4,2,0,0,0
Georgia,Jenkins,4,2,0,0,0
Georgia,Marion,4,2,0,0,0
Georgia,Miller,4,2,0,0,0
Georgia,Screven,4,2,0,0,0
Georgia,Taylor,4,2,0,0,0
Georgia,Warren,4,2,0,0,0
Georgia,Wilkes,4,2,0,0,0
Georgia,Wilkinson,4,2,0,0,0
Idaho,Adams,4,2,0,0,0
Idaho,Clearwater,4,2,0,0,0
Illinois,Alexander,4,2,0,0,0
Illinois,Christian,4,2,0,0,0
Illinois,Crawford,4,2,0,0,0
Illinois,Douglas,4,2,0,0,0
Illinois,Johnson,4,2,0,0,0
Illinois,Montgomery,4,2,0,0,0
Illinois,Moultrie,4,2,0,0,0
Indiana,Martin,4,2,0,0,0
Indiana,Pulaski,4,2,0,0,0
Iowa,Clay,4,2,0,0,0
Iowa,Page,4,2,0,0,0
Iowa,Plymouth,4,2,0,0,0
Iowa,Union,4,2,0,0,0
Kansas,Anderson,4,2,0,0,0
Kansas,Clay,4,2,0,0,0
Kansas,Cloud,4,2,0,0,0
Kansas,Coffey,4,2,0,0,0
Kansas,Grant,4,2,0,0,0
Kansas,Marion,4,2,0,0,0
Kansas,Nemaha,4,2,0,0,0
Kansas,Pratt,4,2,0,0,0
Kansas,Rice,4,2,0,0,0
Kentucky,Ballard,4,2,0,0,0
Kentucky,Breathitt,4,2,0,0,0
Kentucky,Breckinridge,4,2,0,0,0
Kentucky,Butler,4,2,0,0,0
Kentucky,Elliott,4,2,0,0,0
Kentucky,Fulton,4,2,0,0,0
Kentucky,Leslie,4,2,0,0,0
Kentucky,Lewis,4,2,0,0,0
Kentucky,Livingston,4,2,0,0,0
Kentucky,Lyon,4,2,0,0,0
Kentucky,Menifee,4,2,0,0,0
Kentucky,Monroe,4,2,0,0,0
Kentucky,Owen,4,2,0,0,0
Kentucky,Todd,4,2,0,0,0
Kentucky,Trigg,4,2,0,0,0
Kentucky,Wolfe,4,2,0,0,0
Louisiana,Richland,4,2,0,0,0
Louisiana,Sabine,4,2,0,0,0
Michigan,Arenac,4,2,0,0,0
Michigan,Crawford,4,2,0,0,0
Michigan,Houghton,4,2,0,0,0
Michigan,Mason,4,2,0,0,0
Michigan,Missaukee,4,2,0,0,0
Minnesota,Fillmore,4,2,0,0,0
Minnesota,Sibley,4,2,0,0,0
Minnesota,Watonwan,4,2,0,0,0
Mississippi,Bolivar,4,2,0,0,0
Mississippi,Chickasaw,4,2,0,0,0
Mississippi,Itawamba,4,2,0,0,0
Mississippi,Leake,4,2,0,0,0
Mississippi,Newton,4,2,0,0,0
Mississippi,Sunflower,4,2,0,0,0
Mississippi,Tishomingo,4,2,0,0,0
Mississippi,Walthall,4,2,0,0,0
Missouri,Barton,4,2,0,0,0
Missouri,Bates,4,2,0,0,0
Missouri,Bollinger,4,2,0,0,0
Missouri,Caldwell,4,2,0,0,0
Missouri,Dent,4,2,0,0,0
Missouri,Howard,4,2,0,0,0
Missouri,Iron,4,2,0,0,0
Missouri,Lewis,4,2,0,0,0
Missouri,Linn,4,2,0,0,0
Missouri,Macon,4,2,0,0,0
Missouri,Montgomery,4,2,0,0,0
Missouri,Osage,4,2,0,0,0
Missouri,Ralls,4,2,0,0,0
Missouri,Ripley,4,2,0,0,0
Missouri,Texas,4,2,0,0,0
Montana,Fallon,4,2,0,0,0
Montana,Granite,4,2,0,0,0
Montana,Madison,4,2,0,0,0
Montana,Rosebud,4,2,0,0,0
Montana,Sheridan,4,2,0,0,0
Montana,Sweet Grass,4,2,0,0,0
Nebraska,Gage,4,2,0,0,0
Nevada,Churchill,4,2,0,0,0
New Hampshire,Coos,4,2,0,0,0
North Carolina,Dare,4,2,0,0,0
North Carolina,Jones,4,2,0,0,0
Oklahoma,Atoka,4,2,0,0,0
Oklahoma,Beckham,4,2,0,0,0
Oklahoma,Caddo,4,2,0,0,0
Oklahoma,Dewey,4,2,0,0,0
South Dakota,Brule,4,2,0,0,0
South Dakota,Deuel,4,2,0,0,0
South Dakota,Douglas,4,2,0,0,0
South Dakota,Kingsbury,4,2,0,0,0
South Dakota,Todd,4,2,0,0,0
Tennessee,Clay,4,2,0,0,0
Tennessee,Giles,4,2,0,0,0
Tennessee,Lewis,4,2,0,0,0
Tennessee,Moore,4,2,0,0,0
Tennessee,Pickett,4,2,0,0,0
Texas,Archer,4,2,0,0,0
Texas,Burleson,4,2,0,0,0
Texas,Childress,4,2,0,0,0
Texas,Clay,4,2,0,0,0
Texas,Crane,4,2,0,0,0
Texas,Dallam,4,2,0,0,0
Texas,Fisher,4,2,0,0,0
Texas,Jack,4,2,0,0,0
Texas,Jim Hogg,4,2,0,0,0
Texas,La Salle,4,2,0,0,0
Texas,Martin,4,2,0,0,0
Texas,Real,4,2,0,0,0
Texas,Reeves,4,2,0,0,0
Texas,San Saba,4,2,0,0,0
Texas,Stephens,4,2,0,0,0
Utah,Sevier,4,2,0,0,0
Virginia,Goochland,4,2,0,0,0
Virginia,King George,4,2,0,0,0
West Virginia,Calhoun,4,2,0,0,0
West Virginia,Doddridge,4,2,0,0,0
West Virginia,Gilmer,4,2,0,0,0
West Virginia,Grant,4,2,0,0,0
West Virginia,Hardy,4,2,0,0,0
West Virginia,Ritchie,4,2,0,0,0
West Virginia,Wirt,4,2,0,0,0
Minnesota,Stevens,3,3,0,0,0
Alabama,Butler,3,2,0,0,0
Alabama,Cleburne,3,2,0,0,0
Alabama,Hale,3,2,0,0,0
Alabama,Lamar,3,2,0,0,0
Alaska,Southeast Fairbanks,3,2,0,0,0
Alaska,Valdez-Cordova,3,2,0,0,0
Colorado,Baca,3,2,0,0,0
Colorado,San Juan,3,2,0,0,0
Georgia,Randolph,3,2,0,0,0
Georgia,Talbot,3,2,0,0,0
Idaho,Valley,3,2,0,0,0
Illinois,Bureau,3,2,0,0,0
Illinois,Carroll,3,2,0,0,0
Illinois,Clark,3,2,0,0,0
Illinois,Edwards,3,2,0,0,0
Illinois,Hardin,3,2,0,0,0
Illinois,Jo Daviess,3,2,0,0,0
Illinois,McDonough,3,2,0,0,0
Illinois,Marshall,3,2,0,0,0
Illinois,Morgan,3,2,0,0,0
Illinois,Pulaski,3,2,0,0,0
Illinois,Putnam,3,2,0,0,0
Illinois,Washington,3,2,0,0,0
Illinois,Wayne,3,2,0,0,0
Illinois,White,3,2,0,0,0
Indiana,Benton,3,2,0,0,0
Indiana,Warren,3,2,0,0,0
Iowa,Allamakee,3,2,0,0,0
Iowa,Appanoose,3,2,0,0,0
Iowa,Butler,3,2,0,0,0
Iowa,Cass,3,2,0,0,0
Iowa,Cherokee,3,2,0,0,0
Iowa,Chickasaw,3,2,0,0,0
Iowa,Clarke,3,2,0,0,0
Iowa,Clayton,3,2,0,0,0
Iowa,Crawford,3,2,0,0,0
Iowa,Emmet,3,2,0,0,0
Iowa,Fayette,3,2,0,0,0
Iowa,Grundy,3,2,0,0,0
Iowa,Hamilton,3,2,0,0,0
Iowa,Harrison,3,2,0,0,0
Iowa,Humboldt,3,2,0,0,0
Iowa,Iowa,3,2,0,0,0
Iowa,Louisa,3,2,0,0,0
Iowa,Lucas,3,2,0,0,0
Iowa,Madison,3,2,0,0,0
Iowa,Mitchell,3,2,0,0,0
Iowa,Montgomery,3,2,0,0,0
Iowa,O'Brien,3,2,0,0,0
Iowa,Shelby,3,2,0,0,0
Iowa,Tama,3,2,0,0,0
Iowa,Winnebago,3,2,0,0,0
Iowa,Wright,3,2,0,0,0
Kansas,Ellsworth,3,2,0,0,0
Kansas,Kingman,3,2,0,0,0
Kansas,Marshall,3,2,0,0,0
Kansas,Mitchell,3,2,0,0,0
Kansas,Pawnee,3,2,0,0,0
Kansas,Wabaunsee,3,2,0,0,0
Kentucky,Carlisle,3,2,0,0,0
Kentucky,Crittenden,3,2,0,0,0
Kentucky,Cumberland,3,2,0,0,0
Kentucky,Owsley,3,2,0,0,0
Kentucky,Robertson,3,2,0,0,0
Louisiana,Catahoula,3,2,0,0,0
Louisiana,Franklin,3,2,0,0,0
Louisiana,Jackson,3,2,0,0,0
Louisiana,Morehouse,3,2,0,0,0
Louisiana,St. Bernard,3,2,0,0,0
Louisiana,West Carroll,3,2,0,0,0
Louisiana,Winn,3,2,0,0,0
Maine,Piscataquis,3,2,0,0,0
Michigan,Alpena,3,2,0,0,0
Michigan,Charlevoix,3,2,0,0,0
Michigan,Delta,3,2,0,0,0
Michigan,Lake,3,2,0,0,0
Michigan,Manistee,3,2,0,0,0
Michigan,Menominee,3,2,0,0,0
Michigan,Montmorency,3,2,0,0,0
Michigan,Oceana,3,2,0,0,0
Minnesota,Faribault,3,2,0,0,0
Minnesota,McLeod,3,2,0,0,0
Minnesota,Marshall,3,2,0,0,0
Minnesota,Pope,3,2,0,0,0
Mississippi,Jefferson Davis,3,2,0,0,0
Mississippi,Lawrence,3,2,0,0,0
Mississippi,Winston,3,2,0,0,0
Mississippi,Yazoo,3,2,0,0,0
Missouri,Carroll,3,2,0,0,0
Missouri,Clark,3,2,0,0,0
Missouri,Dade,3,2,0,0,0
Missouri,Daviess,3,2,0,0,0
Missouri,Douglas,3,2,0,0,0
Missouri,Gentry,3,2,0,0,0
Missouri,Maries,3,2,0,0,0
Missouri,Monroe,3,2,0,0,0
Missouri,Oregon,3,2,0,0,0
Missouri,St. Clair,3,2,0,0,0
Missouri,Schuyler,3,2,0,0,0
Missouri,Wayne,3,2,0,0,0
Montana,Beaverhead,3,2,0,0,0
Montana,Blaine,3,2,0,0,0
Montana,Chouteau,3,2,0,0,0
Montana,Liberty,3,2,0,0,0
Montana,Valley,3,2,0,0,0
Montana,Wheatland,3,2,0,0,0
Nebraska,Colfax,3,2,0,0,0
Nebraska,Dawson,3,2,0,0,0
Nebraska,Otoe,3,2,0,0,0
Nebraska,Saline,3,2,0,0,0
Nebraska,Wayne,3,2,0,0,0
Nebraska,York,3,2,0,0,0
New Mexico,Guadalupe,3,2,0,0,0
New Mexico,Hidalgo,3,2,0,0,0
North Dakota,Barnes,3,2,0,0,0
North Dakota,Mercer,3,2,0,0,0
North Dakota,Pembina,3,2,0,0,0
North Dakota,Ransom,3,2,0,0,0
Oklahoma,Coal,3,2,0,0,0
South Dakota,Buffalo,3,2,0,0,0
South Dakota,Butte,3,2,0,0,0
South Dakota,Custer,3,2,0,0,0
South Dakota,Day,3,2,0,0,0
South Dakota,Fall River,3,2,0,0,0
South Dakota,Gregory,3,2,0,0,0
South Dakota,Marshall,3,2,0,0,0
South Dakota,Miner,3,2,0,0,0
South Dakota,Sanborn,3,2,0,0,0
South Dakota,Spink,3,2,0,0,0
Tennessee,Hickman,3,2,0,0,0
Tennessee,Van Buren,3,2,0,0,0
Texas,Cochran,3,2,0,0,0
Texas,Concho,3,2,0,0,0
Texas,Donley,3,2,0,0,0
Texas,Hartley,3,2,0,0,0
Texas,Hemphill,3,2,0,0,0
Texas,Knox,3,2,0,0,0
Texas,Mason,3,2,0,0,0
Texas,Robertson,3,2,0,0,0
Utah,Box Elder,3,2,0,0,0
Utah,Tooele,3,2,0,0,0
Virginia,Albemarle,3,2,0,0,0
Virginia,Montgomery,3,2,0,0,0
West Virginia,Tucker,3,2,0,0,0
West Virginia,Webster,3,2,0,0,0
Wisconsin,Buffalo,3,2,0,0,0
Wisconsin,Jackson,3,2,0,0,0
Wisconsin,Kewaunee,3,2,0,0,0
Wisconsin,Langlade,3,2,0,0,0
Wisconsin,Taylor,3,2,0,0,0
Wisconsin,Vilas,3,2,0,0,0
Wisconsin,Washburn,3,2,0,0,0
Alabama,Clarke,3,1,0,0,0
Alabama,Clay,3,1,0,0,0
Alabama,Crenshaw,3,1,0,0,0
Alabama,Marengo,3,1,0,0,0
Alabama,Monroe,3,1,0,0,0
Alabama,Pickens,3,1,0,0,0
Georgia,Charlton,3,1,0,0,0
Georgia,Clay,3,1,0,0,0
Georgia,Quitman,3,1,0,0,0
Georgia,Webster,3,1,0,0,0
Illinois,Clay,3,1,0,0,0
Illinois,Cumberland,3,1,0,0,0
Illinois,Edgar,3,1,0,0,0
Illinois,Fayette,3,1,0,0,0
Illinois,Shelby,3,1,0,0,0
Kentucky,Hickman,3,1,0,0,0
Minnesota,Koochiching,3,1,0,0,0
Mississippi,Attala,3,1,0,0,0
Mississippi,Calhoun,3,1,0,0,0
Mississippi,Holmes,3,1,0,0,0
Mississippi,Jasper,3,1,0,0,0
Mississippi,Montgomery,3,1,0,0,0
Mississippi,Smith,3,1,0,0,0
Mississippi,Wayne,3,1,0,0,0
Mississippi,Yalobusha,3,1,0,0,0
Missouri,Ozark,3,1,0,0,0
Oklahoma,Beaver,3,1,0,0,0
Oklahoma,Ellis,3,1,0,0,0
Oklahoma,Harper,3,1,0,0,0
Texas,Coke,3,1,0,0,0
Texas,Collingsworth,3,1,0,0,0
Texas,Hall,3,1,0,0,0
Texas,Kimble,3,1,0,0,0
Texas,Lipscomb,3,1,0,0,0
Texas,Pecos,3,1,0,0,0
Texas,Shackelford,3,1,0,0,0
Texas,Sherman,3,1,0,0,0
Alaska,Dillingham,2,2,0,0,0
Arkansas,Union,2,2,0,0,0
Illinois,Mercer,2,2,0,0,0
Iowa,Calhoun,2,2,0,0,0
Iowa,Davis,2,2,0,0,0
Iowa,Franklin,2,2,0,0,0
Iowa,Guthrie,2,2,0,0,0
Iowa,Hancock,2,2,0,0,0
Iowa,Howard,2,2,0,0,0
Iowa,Ida,2,2,0,0,0
Iowa,Keokuk,2,2,0,0,0
Iowa,Lyon,2,2,0,0,0
Iowa,Monroe,2,2,0,0,0
Iowa,Palo Alto,2,2,0,0,0
Iowa,Sac,2,2,0,0,0
Iowa,Worth,2,2,0,0,0
Kansas,Morris,2,2,0,0,0
Kansas,Ottawa,2,2,0,0,0
Louisiana,Union,2,2,0,0,0
Michigan,Chippewa,2,2,0,0,0
Michigan,Huron,2,2,0,0,0
Michigan,Leelanau,2,2,0,0,0
Michigan,Oscoda,2,2,0,0,0
Minnesota,Grant,2,2,0,0,0
Minnesota,Kandiyohi,2,2,0,0,0
Minnesota,Kittson,2,2,0,0,0
Minnesota,Wilkin,2,2,0,0,0
Nebraska,Butler,2,2,0,0,0
Nebraska,Cuming,2,2,0,0,0
Nebraska,Hamilton,2,2,0,0,0
Nebraska,Lincoln,2,2,0,0,0
Nebraska,Merrick,2,2,0,0,0
Nebraska,Nemaha,2,2,0,0,0
Nebraska,Phelps,2,2,0,0,0
Nebraska,Red Willow,2,2,0,0,0
Nebraska,Richardson,2,2,0,0,0
Nebraska,Stanton,2,2,0,0,0
Nebraska,Thurston,2,2,0,0,0
North Dakota,Benson,2,2,0,0,0
North Dakota,Dickey,2,2,0,0,0
North Dakota,Foster,2,2,0,0,0
North Dakota,Sargent,2,2,0,0,0
Pennsylvania,Forest,2,2,0,0,0
South Dakota,Aurora,2,2,0,0,0
South Dakota,Clark,2,2,0,0,0
South Dakota,Jerauld,2,2,0,0,0
Texas,Leon,2,2,0,0,0
Utah,Uintah,2,2,0,0,0
Virginia,Campbell,2,2,0,0,0
Virginia,Greene,2,2,0,0,0
Virginia,Southampton,2,2,0,0,0
West Virginia,Wetzel,2,2,0,0,0
Wisconsin,Burnett,2,2,0,0,0
Wisconsin,Rusk,2,2,0,0,0
Alabama,Choctaw,2,1,0,0,0
Alabama,Conecuh,2,1,0,0,0
Alabama,Coosa,2,1,0,0,0
Alabama,Greene,2,1,0,0,0
Alabama,Perry,2,1,0,0,0
Alabama,Sumter,2,1,0,0,0
Alabama,Washington,2,1,0,0,0
Alabama,Wilcox,2,1,0,0,0
Alaska,Aleutians East,2,1,0,0,0
Alaska,Denali,2,1,0,0,0
Alaska,Hoonah-Angoon,2,1,0,0,0
Alaska,Northwest Arctic,2,1,0,0,0
Arkansas,Ouachita,2,1,0,0,0
Colorado,Cheyenne,2,1,0,0,0
Colorado,Jackson,2,1,0,0,0
Colorado,Mineral,2,1,0,0,0
Georgia,Baker,2,1,0,0,0
Georgia,Clinch,2,1,0,0,0
Georgia,Echols,2,1,0,0,0
Georgia,Stewart,2,1,0,0,0
Georgia,Taliaferro,2,1,0,0,0
Idaho,Butte,2,1,0,0,0
Idaho,Idaho,2,1,0,0,0
Idaho,Lemhi,2,1,0,0,0
Idaho,Owyhee,2,1,0,0,0
Illinois,Calhoun,2,1,0,0,0
Illinois,Cass,2,1,0,0,0
Illinois,Gallatin,2,1,0,0,0
Illinois,Greene,2,1,0,0,0
Illinois,Hamilton,2,1,0,0,0
Illinois,Jasper,2,1,0,0,0
Illinois,Stark,2,1,0,0,0
Illinois,Warren,2,1,0,0,0
Iowa,Adair,2,1,0,0,0
Iowa,Audubon,2,1,0,0,0
Iowa,Decatur,2,1,0,0,0
Iowa,Fremont,2,1,0,0,0
Iowa,Greene,2,1,0,0,0
Iowa,Kossuth,2,1,0,0,0
Iowa,Monona,2,1,0,0,0
Iowa,Osceola,2,1,0,0,0
Iowa,Pocahontas,2,1,0,0,0
Iowa,Van Buren,2,1,0,0,0
Kansas,Chautauqua,2,1,0,0,0
Kansas,Gray,2,1,0,0,0
Kansas,Greenwood,2,1,0,0,0
Kansas,Harper,2,1,0,0,0
Kansas,Haskell,2,1,0,0,0
Kansas,Norton,2,1,0,0,0
Kansas,Phillips,2,1,0,0,0
Kansas,Republic,2,1,0,0,0
Kansas,Rooks,2,1,0,0,0
Kansas,Russell,2,1,0,0,0
Kansas,Scott,2,1,0,0,0
Kansas,Sherman,2,1,0,0,0
Kansas,Stafford,2,1,0,0,0
Kansas,Stevens,2,1,0,0,0
Kansas,Thomas,2,1,0,0,0
Kansas,Washington,2,1,0,0,0
Kansas,Woodson,2,1,0,0,0
Louisiana,Caldwell,2,1,0,0,0
Louisiana,East Carroll,2,1,0,0,0
Louisiana,Madison,2,1,0,0,0
Louisiana,Plaquemines,2,1,0,0,0
Michigan,Eaton,2,1,0,0,0
Michigan,Gogebic,2,1,0,0,0
Michigan,Iosco,2,1,0,0,0
Michigan,Iron,2,1,0,0,0
Minnesota,Lake,2,1,0,0,0
Minnesota,Lyon,2,1,0,0,0
Minnesota,Meeker,2,1,0,0,0
Mississippi,Amite,2,1,0,0,0
Mississippi,Benton,2,1,0,0,0
Mississippi,Carroll,2,1,0,0,0
Mississippi,Choctaw,2,1,0,0,0
Mississippi,Claiborne,2,1,0,0,0
Mississippi,Clarke,2,1,0,0,0
Mississippi,Greene,2,1,0,0,0
Mississippi,Humphreys,2,1,0,0,0
Mississippi,Noxubee,2,1,0,0,0
Mississippi,Perry,2,1,0,0,0
Mississippi,Quitman,2,1,0,0,0
Mississippi,Tallahatchie,2,1,0,0,0
Mississippi,Tunica,2,1,0,0,0
Mississippi,Webster,2,1,0,0,0
Missouri,Atchison,2,1,0,0,0
Missouri,Carter,2,1,0,0,0
Missouri,Chariton,2,1,0,0,0
Missouri,Harrison,2,1,0,0,0
Missouri,Holt,2,1,0,0,0
Missouri,Knox,2,1,0,0,0
Missouri,Mercer,2,1,0,0,0
Missouri,Putnam,2,1,0,0,0
Missouri,Reynolds,2,1,0,0,0
Missouri,Scotland,2,1,0,0,0
Missouri,Shannon,2,1,0,0,0
Missouri,Shelby,2,1,0,0,0
Missouri,Sullivan,2,1,0,0,0
Missouri,Worth,2,1,0,0,0
Montana,Daniels,2,1,0,0,0
Montana,Judith Basin,2,1,0,0,0
Montana,Meagher,2,1,0,0,0
Montana,Phillips,2,1,0,0,0
Montana,Wibaux,2,1,0,0,0
Nebraska,Burt,2,1,0,0,0
Nebraska,Cedar,2,1,0,0,0
Nebraska,Clay,2,1,0,0,0
Nebraska,Dixon,2,1,0,0,0
Nebraska,Jefferson,2,1,0,0,0
Nebraska,Johnson,2,1,0,0,0
Nebraska,Kearney,2,1,0,0,0
Nebraska,Pierce,2,1,0,0,0
Nebraska,Polk,2,1,0,0,0
Nevada,Elko,2,1,0,0,0
Nevada,Nye,2,1,0,0,0
New Mexico,De Baca,2,1,0,0,0
New Mexico,Union,2,1,0,0,0
North Dakota,Bottineau,2,1,0,0,0
North Dakota,Eddy,2,1,0,0,0
North Dakota,LaMoure,2,1,0,0,0
North Dakota,McLean,2,1,0,0,0
North Dakota,Mountrail,2,1,0,0,0
North Dakota,Pierce,2,1,0,0,0
North Dakota,Sioux,2,1,0,0,0
Oklahoma,Pushmataha,2,1,0,0,0
Pennsylvania,Cameron,2,1,0,0,0
Pennsylvania,Potter,2,1,0,0,0
Pennsylvania,Sullivan,2,1,0,0,0
South Dakota,Bennett,2,1,0,0,0
South Dakota,Edmunds,2,1,0,0,0
South Dakota,Faulk,2,1,0,0,0
South Dakota,Hand,2,1,0,0,0
South Dakota,Potter,2,1,0,0,0
South Dakota,Tripp,2,1,0,0,0
Tennessee,Perry,2,1,0,0,0
Tennessee,Wayne,2,1,0,0,0
Texas,Armstrong,2,1,0,0,0
Texas,Baylor,2,1,0,0,0
Texas,Dickens,2,1,0,0,0
Texas,Hardeman,2,1,0,0,0
Texas,Kinney,2,1,0,0,0
Texas,Menard,2,1,0,0,0
Texas,Presidio,2,1,0,0,0
Texas,Reagan,2,1,0,0,0
Texas,Schleicher,2,1,0,0,0
Texas,Sutton,2,1,0,0,0
Texas,Upton,2,1,0,0,0
Utah,Duchesne,2,1,0,0,0
Virginia,Bedford,2,1,0,0,0
Virginia,Botetourt,2,1,0,0,0
Virginia,Caroline,2,1,0,0,0
Virginia,Charles City,2,1,0,0,0
Virginia,Clarke,2,1,0,0,0
Virginia,Culpeper,2,1,0,0,0
Virginia,Fluvanna,2,1,0,0,0
Virginia,Gloucester,2,1,0,0,0
Virginia,Henry,2,1,0,0,0
Virginia,Page,2,1,0,0,0
Virginia,Prince George,2,1,0,0,0
Virginia,Rockingham,2,1,0,0,0
Virginia,Shenandoah,2,1,0,0,0
West Virginia,Pendleton,2,1,0,0,0
Wisconsin,Door,2,1,0,0,0
Wisconsin,Menominee,2,1,0,0,0
Wisconsin,Price,2,1,0,0,0
Wisconsin,Sawyer,2,1,0,0,0
Wyoming,Niobrara,2,1,0,0,0
Alaska,North Slope,1,1,0,0,0
Arkansas,Arkansas,1,1,0,0,0
Arkansas,Ashley,1,1,0,0,0
Arkansas,Bradley,1,1,0,0,0
Arkansas,Chicot,1,1,0,0,0
Arkansas,Columbia,1,1,0,0,0
Arkansas,Drew,1,1,0,0,0
Arkansas,Grant,1,1,0,0,0
Arkansas,Lincoln,1,1,0,0,0
Colorado,Hinsdale,1,1,0,0,0
Colorado,Kiowa,1,1,0,0,0
Illinois,Brown,1,1,0,0,0
Illinois,Hancock,1,1,0,0,0
Illinois,Henderson,1,1,0,0,0
Illinois,Pike,1,1,0,0,0
Illinois,Pope,1,1,0,0,0
Illinois,Schuyler,1,1,0,0,0
Illinois,Scott,1,1,0,0,0
Iowa,Adams,1,1,0,0,0
Iowa,Ringgold,1,1,0,0,0
Iowa,Taylor,1,1,0,0,0
Iowa,Wayne,1,1,0,0,0
Kansas,Barber,1,1,0,0,0
Kansas,Edwards,1,1,0,0,0
Kansas,Elk,1,1,0,0,0
Kansas,Kearny,1,1,0,0,0
Kansas,Lincoln,1,1,0,0,0
Kansas,Meade,1,1,0,0,0
Kansas,Morton,1,1,0,0,0
Kansas,Osborne,1,1,0,0,0
Kansas,Rush,1,1,0,0,0
Kansas,Smith,1,1,0,0,0
Michigan,Alcona,1,1,0,0,0
Michigan,Alger,1,1,0,0,0
Michigan,Baraga,1,1,0,0,0
Minnesota,Chippewa,1,1,0,0,0
Minnesota,Lake of the Woods,1,1,0,0,0
Minnesota,Nobles,1,1,0,0,0
Minnesota,Pipestone,1,1,0,0,0
Minnesota,Rock,1,1,0,0,0
Minnesota,Traverse,1,1,0,0,0
Mississippi,Franklin,1,1,0,0,0
Mississippi,Jefferson,1,1,0,0,0
Mississippi,Kemper,1,1,0,0,0
Mississippi,Wilkinson,1,1,0,0,0
Montana,Golden Valley,1,1,0,0,0
Montana,McCone,1,1,0,0,0
Montana,Prairie,1,1,0,0,0
Montana,Treasure,1,1,0,0,0
Nebraska,Antelope,1,1,0,0,0
Nebraska,Boone,1,1,0,0,0
Nebraska,Box Butte,1,1,0,0,0
Nebraska,Cheyenne,1,1,0,0,0
Nebraska,Dawes,1,1,0,0,0
Nebraska,Fillmore,1,1,0,0,0
Nebraska,Furnas,1,1,0,0,0
Nebraska,Howard,1,1,0,0,0
Nebraska,Keith,1,1,0,0,0
Nebraska,Knox,1,1,0,0,0
Nebraska,Nance,1,1,0,0,0
Nebraska,Nuckolls,1,1,0,0,0
Nebraska,Pawnee,1,1,0,0,0
Nebraska,Thayer,1,1,0,0,0
Nebraska,Valley,1,1,0,0,0
Nebraska,Webster,1,1,0,0,0
Nevada,Humboldt,1,1,0,0,0
North Carolina,Tyrrell,1,1,0,0,0
North Dakota,Adams,1,1,0,0,0
North Dakota,Bowman,1,1,0,0,0
North Dakota,Cavalier,1,1,0,0,0
North Dakota,Emmons,1,1,0,0,0
North Dakota,Griggs,1,1,0,0,0
North Dakota,Hettinger,1,1,0,0,0
North Dakota,Logan,1,1,0,0,0
North Dakota,McHenry,1,1,0,0,0
North Dakota,McIntosh,1,1,0,0,0
North Dakota,McKenzie,1,1,0,0,0
North Dakota,Nelson,1,1,0,0,0
North Dakota,Oliver,1,1,0,0,0
North Dakota,Renville,1,1,0,0,0
North Dakota,Steele,1,1,0,0,0
North Dakota,Towner,1,1,0,0,0
North Dakota,Wells,1,1,0,0,0
Oklahoma,Cotton,1,1,0,0,0
Oklahoma,Grant,1,1,0,0,0
Oklahoma,Greer,1,1,0,0,0
Oklahoma,Jefferson,1,1,0,0,0
Oklahoma,Kiowa,1,1,0,0,0
Oklahoma,Tillman,1,1,0,0,0
South Dakota,Campbell,1,1,0,0,0
South Dakota,Dewey,1,1,0,0,0
South Dakota,Hyde,1,1,0,0,0
South Dakota,Lyman,1,1,0,0,0
South Dakota,McPherson,1,1,0,0,0
South Dakota,Stanley,1,1,0,0,0
Texas,Briscoe,1,1,0,0,0
Virginia,Alleghany,1,1,0,0,0
Virginia,Amherst,1,1,0,0,0
Virginia,Fauquier,1,1,0,0,0
Virginia,Franklin,1,1,0,0,0
Virginia,Louisa,1,1,0,0,0
Virginia,Orange,1,1,0,0,0
Virginia,Pulaski,1,1,0,0,0
Virginia,Tazewell,1,1,0,0,0
Virginia,Washington,1,1,0,0,0
Virginia,Wise,1,1,0,0,0
West Virginia,Pocahontas,1,1,0,0,0
Wisconsin,Ashland,1,1,0,0,0
Wisconsin,Bayfield,1,1,0,0,0
Wisconsin,Florence,1,1,0,0,0
Wisconsin,Forest,1,1,0,0,0
Wisconsin,Iron,1,1,0,0,0
Alaska,Lake and Peninsula,1,0,0,0,0
Alaska,Yakutat,1,0,0,0,0
Arkansas,Cleveland,1,0,0,0,0
Arkansas,Dallas,1,0,0,0,0
Arkansas,Desha,1,0,0,0,0
Idaho,Camas,1,0,0,0,0
Idaho,Clark,1,0,0,0,0
Idaho,Custer,1,0,0,0,0
Kansas,Chase,1,0,0,0,0
Kansas,Cheyenne,1,0,0,0,0
Kansas,Clark,1,0,0,0,0
Kansas,Comanche,1,0,0,0,0
Kansas,Decatur,1,0,0,0,0
Kansas,Gove,1,0,0,0,0
Kansas,Graham,1,0,0,0,0
Kansas,Hamilton,1,0,0,0,0
Kansas,Hodgeman,1,0,0,0,0
Kansas,Jewell,1,0,0,0,0
Kansas,Kiowa,1,0,0,0,0
Kansas,Lane,1,0,0,0,0
Kansas,Logan,1,0,0,0,0
Kansas,Ness,1,0,0,0,0
Kansas,Rawlins,1,0,0,0,0
Kansas,Sheridan,1,0,0,0,0
Kansas,Stanton,1,0,0,0,0
Kansas,Trego,1,0,0,0,0
Kansas,Wichita,1,0,0,0,0
Louisiana,Cameron,1,0,0,0,0
Louisiana,Tensas,1,0,0,0,0
Michigan,Luce,1,0,0,0,0
Michigan,Mackinac,1,0,0,0,0
Michigan,Presque Isle,1,0,0,0,0
Michigan,Schoolcraft,1,0,0,0,0
Minnesota,Cook,1,0,0,0,0
Minnesota,Cottonwood,1,0,0,0,0
Minnesota,Jackson,1,0,0,0,0
Minnesota,Lincoln,1,0,0,0,0
Minnesota,Murray,1,0,0,0,0
Minnesota,Redwood,1,0,0,0,0
Minnesota,Renville,1,0,0,0,0
Minnesota,Swift,1,0,0,0,0
Minnesota,Yellow Medicine,1,0,0,0,0
Mississippi,Sharkey,1,0,0,0,0
Montana,Carter,1,0,0,0,0
Montana,Petroleum,1,0,0,0,0
Montana,Powder River,1,0,0,0,0
Nebraska,Boyd,1,0,0,0,0
Nebraska,Chase,1,0,0,0,0
Nebraska,Custer,1,0,0,0,0
Nebraska,Deuel,1,0,0,0,0
Nebraska,Franklin,1,0,0,0,0
Nebraska,Gosper,1,0,0,0,0
Nebraska,Greeley,1,0,0,0,0
Nebraska,Harlan,1,0,0,0,0
Nebraska,Hitchcock,1,0,0,0,0
Nebraska,Holt,1,0,0,0,0
Nebraska,Kimball,1,0,0,0,0
Nebraska,Sherman,1,0,0,0,0
Nevada,Lander,1,0,0,0,0
Nevada,Mineral,1,0,0,0,0
Nevada,Pershing,1,0,0,0,0
Nevada,White Pine,1,0,0,0,0
New Mexico,Catron,1,0,0,0,0
New Mexico,Harding,1,0,0,0,0
New York,Hamilton,1,0,0,0,0
North Carolina,Hyde,1,0,0,0,0
North Dakota,Burke,1,0,0,0,0
North Dakota,Divide,1,0,0,0,0
North Dakota,Dunn,1,0,0,0,0
North Dakota,Golden Valley,1,0,0,0,0
North Dakota,Grant,1,0,0,0,0
North Dakota,Kidder,1,0,0,0,0
North Dakota,Sheridan,1,0,0,0,0
Oklahoma,Cimarron,1,0,0,0,0
Oklahoma,Harmon,1,0,0,0,0
South Dakota,Corson,1,0,0,0,0
South Dakota,Haakon,1,0,0,0,0
South Dakota,Jackson,1,0,0,0,0
South Dakota,Jones,1,0,0,0,0
South Dakota,Mellette,1,0,0,0,0
South Dakota,Perkins,1,0,0,0,0
South Dakota,Sully,1,0,0,0,0
South Dakota,Ziebach,1,0,0,0,0
Texas,Borden,1,0,0,0,0
Texas,Brewster,1,0,0,0,0
Texas,Cottle,1,0,0,0,0
Texas,Crockett,1,0,0,0,0
Texas,Culberson,1,0,0,0,0
Texas,Edwards,1,0,0,0,0
Texas,Foard,1,0,0,0,0
Texas,Glasscock,1,0,0,0,0
Texas,Hudspeth,1,0,0,0,0
Texas,Irion,1,0,0,0,0
Texas,Jeff Davis,1,0,0,0,0
Texas,Kent,1,0,0,0,0
Texas,Motley,1,0,0,0,0
Texas,Oldham,1,0,0,0,0
Texas,Roberts,1,0,0,0,0
Texas,Sterling,1,0,0,0,0
Texas,Stonewall,1,0,0,0,0
Texas,Throckmorton,1,0,0,0,0
Utah,Beaver,1,0,0,0,0
Utah,Daggett,1,0,0,0,0
Utah,Emery,1,0,0,0,0
Utah,Grand,1,0,0,0,0
Utah,Juab,1,0,0,0,0
Utah,Kane,1,0,0,0,0
Utah,Millard,1,0,0,0,0
Utah,Piute,1,0,0,0,0
Utah,Rich,1,0,0,0,0
Utah,San Juan,1,0,0,0,0
Virginia,Appomattox,1,0,0,0,0
Virginia,Augusta,1,0,0,0,0
Virginia,Buchanan,1,0,0,0,0
Virginia,Carroll,1,0,0,0,0
Virginia,Dickenson,1,0,0,0,0
Virginia,Dinwiddie,1,0,0,0,0
Virginia,Essex,1,0,0,0,0
Virginia,Floyd,1,0,0,0,0
Virginia,Giles,1,0,0,0,0
Virginia,Greensville,1,0,0,0,0
Virginia,Halifax,1,0,0,0,0
Virginia,King William,1,0,0,0,0
Virginia,Lancaster,1,0,0,0,0
Virginia,Lee,1,0,0,0,0
Virginia,Madison,1,0,0,0,0
Virginia,Mecklenburg,1,0,0,0,0
Virginia,Middlesex,1,0,0,0,0
Virginia,Nelson,1,0,0,0,0
Virginia,Northumberland,1,0,0,0,0
Virginia,Nottoway,1,0,0,0,0
Virginia,Patrick,1,0,0,0,0
Virginia,Pittsylvania,1,0,0,0,0
Virginia,Prince Edward,1,0,0,0,0
Virginia,Richmond,1,0,0,0,0
Virginia,Rockbridge,1,0,0,0,0
Virginia,Russell,1,0,0,0,0
Virginia,Scott,1,0,0,0,0
Virginia,Smyth,1,0,0,0,0
Virginia,Westmoreland,1,0,0,0,0
Virginia,Wythe,1,0,0,0,0
NA,NA,0,0,0,0,0
Alaska,Yukon-Koyukuk,0,0,0,0,0
Arkansas,Calhoun,0,0,0,0,0
Kansas,Greeley,0,0,0,0,0
Kansas,Wallace,0,0,0,0,0
Kansas,Wyandotte,0,0,0,0,0
Michigan,Keweenaw,0,0,0,0,0
Michigan,Ontonagon,0,0,0,0,0
Minnesota,Big Stone,0,0,0,0,0
Minnesota,Lac qui Parle,0,0,0,0,0
Mississippi,Issaquena,0,0,0,0,0
Missouri,Jackson,0,0,0,0,0
Montana,Garfield,0,0,0,0,0
Nebraska,Arthur,0,0,0,0,0
Nebraska,Banner,0,0,0,0,0
Nebraska,Blaine,0,0,0,0,0
Nebraska,Brown,0,0,0,0,0
Nebraska,Cherry,0,0,0,0,0
Nebraska,Dundy,0,0,0,0,0
Nebraska,Frontier,0,0,0,0,0
Nebraska,Garden,0,0,0,0,0
Nebraska,Garfield,0,0,0,0,0
Nebraska,Grant,0,0,0,0,0
Nebraska,Hayes,0,0,0,0,0
Nebraska,Hooker,0,0,0,0,0
Nebraska,Keya Paha,0,0,0,0,0
Nebraska,Logan,0,0,0,0,0
Nebraska,Loup,0,0,0,0,0
Nebraska,McPherson,0,0,0,0,0
Nebraska,Morrill,0,0,0,0,0
Nebraska,Perkins,0,0,0,0,0
Nebraska,Rock,0,0,0,0,0
Nebraska,Sheridan,0,0,0,0,0
Nebraska,Sioux,0,0,0,0,0
Nebraska,Thomas,0,0,0,0,0
Nebraska,Wheeler,0,0,0,0,0
Nevada,Esmeralda,0,0,0,0,0
Nevada,Eureka,0,0,0,0,0
Nevada,Lincoln,0,0,0,0,0
North Dakota,Billings,0,0,0,0,0
North Dakota,Slope,0,0,0,0,0
Oklahoma,Roger Mills,0,0,0,0,0
South Dakota,Harding,0,0,0,0,0
NA,NA,0,0,0,0,0
Texas,Kenedy,0,0,0,0,0
Texas,King,0,0,0,0,0
Texas,Loving,0,0,0,0,0
Texas,McMullen,0,0,0,0,0
Texas,Terrell,0,0,0,0,0
Utah,Garfield,0,0,0,0,0
Utah,Wayne,0,0,0,0,0
Virginia,Accomack,0,0,0,0,0
Virginia,Amelia,0,0,0,0,0
Virginia,Bath,0,0,0,0,0
Virginia,Bland,0,0,0,0,0
Virginia,Brunswick,0,0,0,0,0
Virginia,Buckingham,0,0,0,0,0
Virginia,Charlotte,0,0,0,0,0
Virginia,Craig,0,0,0,0,0
Virginia,Cumberland,0,0,0,0,0
Virginia,Grayson,0,0,0,0,0
Virginia,Highland,0,0,0,0,0
Virginia,King and Queen,0,0,0,0,0
Virginia,Lunenburg,0,0,0,0,0
Virginia,Mathews,0,0,0,0,0
Virginia,Northampton,0,0,0,0,0
Virginia,Rappahannock,0,0,0,0,0
Virginia,Surry,0,0,0,0,0
Virginia,Sussex,0,0,0,0,0